creationDate|id|imageFile|locationIP|browserUsed|language|content|length|CreatorPersonId|ContainerForumId|LocationCountryId
2012-12-26T00:00:43.216+00:00|1168231481106||41.78.117.83|Chrome|en|About Joe Cocker, he 1960s, and is most known for his gritty voice, his idiosyncratic arm movement|98|8796093023876|893353212523|90
2012-12-26T00:05:05.720+00:00|1168231193065||31.40.10.147|Chrome|sd|About Nikolay Davydenko, Grand Slam tournament has been reaching the semifinals, which he has done on four occasions: twice each at the French Open and the U.S. Open. His biggest achievement to date wa|201|26388279067426|137438956914|56
2012-12-26T00:11:54.815+00:00|1168231400413|photo1168231400413.jpg|122.202.110.111|Chrome|||0|15393162790380|1168231115880|55
2012-12-26T00:11:55.815+00:00|1168231400414|photo1168231400414.jpg|199.26.234.227|Chrome|||0|15393162790380|1168231115880|34
2012-12-26T00:46:07.457+00:00|1168231507347|photo1168231507347.jpg|27.247.102.139|Chrome|||0|35184372090069|1168231121119|94
2012-12-26T00:46:08.457+00:00|1168231507348|photo1168231507348.jpg|27.247.102.139|Chrome|||0|35184372090069|1168231121119|94
2012-12-26T00:46:09.457+00:00|1168231507349|photo1168231507349.jpg|27.247.102.139|Chrome|||0|35184372090069|1168231121119|94
2012-12-26T00:46:10.457+00:00|1168231507350|photo1168231507350.jpg|27.247.102.139|Chrome|||0|35184372090069|1168231121119|94
2012-12-26T00:46:11.457+00:00|1168231507351|photo1168231507351.jpg|27.247.102.139|Chrome|||0|35184372090069|1168231121119|94
2012-12-26T00:47:41.536+00:00|1168231125509|photo1168231125509.jpg|192.160.111.235|Internet Explorer|||0|910|1168231105336|49
2012-12-26T00:47:42.536+00:00|1168231125510|photo1168231125510.jpg|192.160.111.235|Internet Explorer|||0|910|1168231105336|49
2012-12-26T00:47:43.536+00:00|1168231125511|photo1168231125511.jpg|192.160.111.235|Internet Explorer|||0|910|1168231105336|49
2012-12-26T00:47:44.536+00:00|1168231125512|photo1168231125512.jpg|192.160.111.235|Internet Explorer|||0|910|1168231105336|49
2012-12-26T00:47:45.536+00:00|1168231125513|photo1168231125513.jpg|101.2.106.56|Internet Explorer|||0|910|1168231105336|0
2012-12-26T00:47:46.536+00:00|1168231125514|photo1168231125514.jpg|192.160.111.235|Internet Explorer|||0|910|1168231105336|49
2012-12-26T00:47:47.536+00:00|1168231125515|photo1168231125515.jpg|192.160.111.235|Internet Explorer|||0|910|1168231105336|49
2012-12-26T00:47:48.536+00:00|1168231125516|photo1168231125516.jpg|192.160.111.235|Internet Explorer|||0|910|1168231105336|49
2012-12-26T00:47:49.536+00:00|1168231125517|photo1168231125517.jpg|192.160.111.235|Internet Explorer|||0|910|1168231105336|49
2012-12-26T00:47:50.536+00:00|1168231125518|photo1168231125518.jpg|192.160.111.235|Internet Explorer|||0|910|1168231105336|49
2012-12-26T00:47:51.536+00:00|1168231125519|photo1168231125519.jpg|192.160.111.235|Internet Explorer|||0|910|1168231105336|49
2012-12-26T00:47:52.536+00:00|1168231125520|photo1168231125520.jpg|192.160.111.235|Internet Explorer|||0|910|1168231105336|49
2012-12-26T00:47:53.536+00:00|1168231125521|photo1168231125521.jpg|192.160.111.235|Internet Explorer|||0|910|1168231105336|49
2012-12-26T00:47:54.536+00:00|1168231125522|photo1168231125522.jpg|192.160.111.235|Internet Explorer|||0|910|1168231105336|49
2012-12-26T00:47:55.536+00:00|1168231125523|photo1168231125523.jpg|192.160.111.235|Internet Explorer|||0|910|1168231105336|49
2012-12-26T00:48:14.274+00:00|1168231370967||41.203.154.35|Firefox|en|About Kevin Rudd, iod of high popularity in the opinion polls. However, a significant fall in Rudd's pers|105|32985348833585|481036347120|90
2012-12-26T00:49:21.424+00:00|1168231261169||112.78.102.248|Chrome|nl|About Georg Wilhelm Friedrich Hegel, ursor to Continental philosophy and Marxism. Hegel developed a comprehensive|113|35184372090424|343597389744|51
2012-12-26T01:07:44.498+00:00|1168231507409||192.190.30.24|Internet Explorer|ru|About William Shakespeare, agedies until about 1608, including Hamlet, King Lear, Othello, an|93|6597069767996|1099511644391|49
2012-12-26T01:12:01.993+00:00|1168231507910||1.88.26.152|Firefox|zh|About Augustine of Hippo, m Roman Africa. His writings were very influential in the development of We|101|35184372090391|1099511644417|1
2012-12-26T01:23:21.029+00:00|1168231346168||60.254.30.210|Internet Explorer|en|About William Faulkner, creenplays during his career. He is primarily known and acclaimed for his novels and short stories,|123|37383395346026|687194776457|0
2012-12-26T01:32:33.120+00:00|1168231299704||200.4.252.31|Firefox|en|About Maximilian I, Holy Roman Emperor,  jointly with his father for the last ten years of his fat|98|37383395345203|412316867830|91
2012-12-26T01:50:22.349+00:00|1168231111647||1.202.204.190|Chrome|zh|About Patti Smith, ber 30, 1946) is an American singer-songwriter, poet and visual artist, who bec|98|32985348834072|618475291000|1
2012-12-26T01:56:15.449+00:00|1168231323157||46.28.34.225|Firefox|fr|About Niccolò Machiavelli, lian historian, diplomat, philosopher, humanist and writer based in Florence during the Renaissance. A founder of modern political science, he was a diplomat, political philosopher, playwright, and|225|35184372090167|549755822134|50
2012-12-26T02:22:26.357+00:00|1168231122496||125.212.106.222|Chrome|gu|About Mohammad Reza Pahlavi,  continuous monarchy since the founding of the Persian Empire b|92|4398046512629|137438954184|55
2012-12-26T02:22:34.937+00:00|1168231294184||46.21.127.191|Chrome|en|About Ludwig van Beethoven, eethoven was a German composer and pianist. A crucial figure in the transiti|104|15393162789532|343597391027|77
2012-12-26T02:33:35.865+00:00|1168231172792||200.0.172.132|Chrome|en|About Leon Trotsky, of the Russian Social Democratic Labour Party. He joined the Bolsheviks immediately|104|15393162789820|274877909738|91
2012-12-26T02:35:39.349+00:00|1168231508957||62.5.37.205|Firefox|ro|About Pope Benedict XVI,  his teaching and prolific writings defend traditional Catholic doctrine and values. During h|118|1649|1168231121284|101
2012-12-26T02:36:40.848+00:00|1168231309406||27.99.232.171|Internet Explorer|en|About Matt Damon, He is one of the top 40 highest grossing actors of all time. In 2007, Damon received a star on the|116|37383395345027|412316868262|1
2012-12-26T03:03:47.540+00:00|1168231508596|photo1168231508596.jpg|27.116.34.143|Chrome|||0|37383395344903|1168231121229|0
2012-12-26T03:03:48.540+00:00|1168231508597|photo1168231508597.jpg|27.116.34.143|Chrome|||0|37383395344903|1168231121229|0
2012-12-26T03:03:49.540+00:00|1168231508598|photo1168231508598.jpg|27.116.34.143|Chrome|||0|37383395344903|1168231121229|0
2012-12-26T03:03:50.540+00:00|1168231508599|photo1168231508599.jpg|27.116.34.143|Chrome|||0|37383395344903|1168231121229|0
2012-12-26T03:03:51.540+00:00|1168231508600|photo1168231508600.jpg|27.116.34.143|Chrome|||0|37383395344903|1168231121229|0
2012-12-26T03:03:52.540+00:00|1168231508601|photo1168231508601.jpg|27.116.34.143|Chrome|||0|37383395344903|1168231121229|0
2012-12-26T03:03:53.540+00:00|1168231508602|photo1168231508602.jpg|27.116.34.143|Chrome|||0|37383395344903|1168231121229|0
2012-12-26T03:03:54.540+00:00|1168231508603|photo1168231508603.jpg|27.116.34.143|Chrome|||0|37383395344903|1168231121229|0
2012-12-26T03:03:55.540+00:00|1168231508604|photo1168231508604.jpg|27.116.34.143|Chrome|||0|37383395344903|1168231121229|0
2012-12-26T03:03:56.540+00:00|1168231508605|photo1168231508605.jpg|27.116.34.143|Chrome|||0|37383395344903|1168231121229|0
2012-12-26T03:03:57.540+00:00|1168231508606|photo1168231508606.jpg|27.116.34.143|Chrome|||0|37383395344903|1168231121229|0
2012-12-26T03:03:58.540+00:00|1168231508607|photo1168231508607.jpg|27.116.34.143|Chrome|||0|37383395344903|1168231121229|0
2012-12-26T03:03:59.540+00:00|1168231508608|photo1168231508608.jpg|27.116.34.143|Chrome|||0|37383395344903|1168231121229|0
2012-12-26T03:04:00.540+00:00|1168231508609|photo1168231508609.jpg|27.116.34.143|Chrome|||0|37383395344903|1168231121229|0
2012-12-26T03:04:01.540+00:00|1168231508610|photo1168231508610.jpg|27.116.34.143|Chrome|||0|37383395344903|1168231121229|0
2012-12-26T03:14:54.669+00:00|1168231493361||58.186.52.124|Chrome|ro|About Percy Bysshe Shelley, mired by Karl Marx, Oscar Wilde, Thomas Hardy, George Bernard|90|10995116279093|893353213180|58
2012-12-26T03:32:56.052+00:00|1168231127057||79.169.5.189|Firefox|my|About Morocco, narchy with an elected parliament. The King of Morocco holds vast executive powers, including the po|115|37383395344931|412316861276|93
2012-12-26T04:06:48.395+00:00|1168231418293||103.1.6.6|Chrome|kn|About Hamid Karzai, came President of the IslamAbout Louis Armstrong, ly popular African-AmericanAbout Sophocles, n the presentation|133|17592186045625|549755825994|0
2012-12-26T04:16:32.247+00:00|1168231121192||196.29.42.107|Firefox|gu|About Mohammad Reza Pahlavi,  a series of economic and social reforms intended to transform Iran into a globa|109|42|137438954184|60
2012-12-26T04:18:42.364+00:00|1168231509032||192.223.88.63|Chrome|pt|About Charlemagne,  on penalty of death their native Germanic paganism, he integrAbout Gamal Abdel Nasser, rn Arab history and politics in the 20th century. Under his leAbout Wilhelm II, German Emperor,  January 1859 – 4 June 1941) was the last|245|37383395345948|1168231121312|49
2012-12-26T04:21:22.664+00:00|1168231306015|photo1168231306015.jpg|27.50.41.194|Firefox|||0|8796093023536|1168231112159|1
2012-12-26T04:21:23.664+00:00|1168231306016|photo1168231306016.jpg|27.50.41.194|Firefox|||0|8796093023536|1168231112159|1
2012-12-26T04:21:24.664+00:00|1168231306017|photo1168231306017.jpg|27.50.41.194|Firefox|||0|8796093023536|1168231112159|1
2012-12-26T04:21:25.664+00:00|1168231306018|photo1168231306018.jpg|27.50.41.194|Firefox|||0|8796093023536|1168231112159|1
2012-12-26T04:27:13.509+00:00|1168231360139|photo1168231360139.jpg|61.4.78.42|Internet Explorer|||0|13194139533965|1168231114069|65
2012-12-26T04:27:14.509+00:00|1168231360140|photo1168231360140.jpg|61.4.78.42|Internet Explorer|||0|13194139533965|1168231114069|65
2012-12-26T04:27:15.509+00:00|1168231360141|photo1168231360141.jpg|61.4.78.42|Internet Explorer|||0|13194139533965|1168231114069|65
2012-12-26T04:27:16.509+00:00|1168231360142|photo1168231360142.jpg|61.4.78.42|Internet Explorer|||0|13194139533965|1168231114069|65
2012-12-26T04:27:17.509+00:00|1168231360143|photo1168231360143.jpg|61.4.78.42|Internet Explorer|||0|13194139533965|1168231114069|65
2012-12-26T04:27:18.509+00:00|1168231360144|photo1168231360144.jpg|61.4.78.42|Internet Explorer|||0|13194139533965|1168231114069|65
2012-12-26T04:27:19.509+00:00|1168231360145|photo1168231360145.jpg|61.4.78.42|Internet Explorer|||0|13194139533965|1168231114069|65
2012-12-26T04:27:20.509+00:00|1168231360146|photo1168231360146.jpg|61.4.78.42|Internet Explorer|||0|13194139533965|1168231114069|65
2012-12-26T04:27:21.509+00:00|1168231360147|photo1168231360147.jpg|61.4.78.42|Internet Explorer|||0|13194139533965|1168231114069|65
2012-12-26T04:27:22.509+00:00|1168231360148|photo1168231360148.jpg|61.4.78.42|Internet Explorer|||0|13194139533965|1168231114069|65
2012-12-26T04:27:23.509+00:00|1168231360149|photo1168231360149.jpg|61.4.78.42|Internet Explorer|||0|13194139533965|1168231114069|65
2012-12-26T04:27:24.509+00:00|1168231360150|photo1168231360150.jpg|61.4.78.42|Internet Explorer|||0|13194139533965|1168231114069|65
2012-12-26T04:27:25.509+00:00|1168231360151|photo1168231360151.jpg|61.4.78.42|Internet Explorer|||0|13194139533965|1168231114069|65
2012-12-26T04:27:26.509+00:00|1168231360152|photo1168231360152.jpg|61.4.78.42|Internet Explorer|||0|13194139533965|1168231114069|65
2012-12-26T04:27:27.509+00:00|1168231360153|photo1168231360153.jpg|61.4.78.42|Internet Explorer|||0|13194139533965|1168231114069|65
2012-12-26T04:30:59.714+00:00|1168231454634|photo1168231454634.jpg|123.108.125.120|Chrome|||0|21990232556839|1168231118245|55
2012-12-26T04:31:00.714+00:00|1168231454635|photo1168231454635.jpg|123.108.125.120|Chrome|||0|21990232556839|1168231118245|55
2012-12-26T04:39:48.057+00:00|1168231493993||93.159.95.149|Firefox|en|About Ho Chi Minh, a Định Province and was officially renamed Ho Chi Minh City after Hồ Chí Minh (although the name Sài Gòn is still commonly used. ) The city|158|37383395344412|1030792166665|9
2012-12-26T04:46:13.263+00:00|1168231322608||31.28.2.140|Chrome|fr|About Billie Holiday, Site Billie Holiday (born Eleanora Harris April 7, 1915 – July 17, 1959) was an American jazz singer and songwriter. Nicknamed Lady Day by he|163|30786325578528|412316868660|56
2012-12-26T05:11:54.612+00:00|1168231462176|photo1168231462176.jpg|117.6.98.6|Internet Explorer|||0|24189255811433|1168231118625|58
2012-12-26T05:11:55.612+00:00|1168231462177|photo1168231462177.jpg|117.6.98.6|Internet Explorer|||0|24189255811433|1168231118625|58
2012-12-26T05:11:56.612+00:00|1168231462178|photo1168231462178.jpg|117.6.98.6|Internet Explorer|||0|24189255811433|1168231118625|58
2012-12-26T05:11:57.612+00:00|1168231462179|photo1168231462179.jpg|117.6.98.6|Internet Explorer|||0|24189255811433|1168231118625|58
2012-12-26T05:11:58.612+00:00|1168231462180|photo1168231462180.jpg|117.6.98.6|Internet Explorer|||0|24189255811433|1168231118625|58
2012-12-26T05:11:59.612+00:00|1168231462181|photo1168231462181.jpg|117.6.98.6|Internet Explorer|||0|24189255811433|1168231118625|58
2012-12-26T05:12:00.612+00:00|1168231462182|photo1168231462182.jpg|117.6.98.6|Internet Explorer|||0|24189255811433|1168231118625|58
2012-12-26T05:12:01.612+00:00|1168231462183|photo1168231462183.jpg|41.190.75.185|Internet Explorer|||0|24189255811433|1168231118625|73
2012-12-26T05:12:02.612+00:00|1168231462184|photo1168231462184.jpg|117.6.98.6|Internet Explorer|||0|24189255811433|1168231118625|58
2012-12-26T05:12:03.612+00:00|1168231462185|photo1168231462185.jpg|117.6.98.6|Internet Explorer|||0|24189255811433|1168231118625|58
2012-12-26T05:12:04.612+00:00|1168231462186|photo1168231462186.jpg|117.6.98.6|Internet Explorer|||0|24189255811433|1168231118625|58
2012-12-26T05:12:05.612+00:00|1168231462187|photo1168231462187.jpg|117.6.98.6|Internet Explorer|||0|24189255811433|1168231118625|58
2012-12-26T05:12:06.612+00:00|1168231462188|photo1168231462188.jpg|117.6.98.6|Internet Explorer|||0|24189255811433|1168231118625|58
2012-12-26T05:19:57.587+00:00|1168231507172||175.111.190.30|Chrome|te|About Mark Twain,  that all of his creditors were paid in full, even though his bankrupt|88|21990232556531|1168231121099|54
2012-12-26T05:27:20.433+00:00|1168231506473|photo1168231506473.jpg|196.1.98.252|Firefox|||0|35184372088985|1168231121007|96
2012-12-26T05:27:21.433+00:00|1168231506474|photo1168231506474.jpg|196.1.98.252|Firefox|||0|35184372088985|1168231121007|96
2012-12-26T05:27:22.433+00:00|1168231506475|photo1168231506475.jpg|196.1.98.252|Firefox|||0|35184372088985|1168231121007|96
2012-12-26T05:27:23.433+00:00|1168231506476|photo1168231506476.jpg|196.1.98.252|Firefox|||0|35184372088985|1168231121007|96
2012-12-26T05:27:24.433+00:00|1168231506477|photo1168231506477.jpg|196.1.98.252|Firefox|||0|35184372088985|1168231121007|96
2012-12-26T05:27:25.433+00:00|1168231506478|photo1168231506478.jpg|196.1.98.252|Firefox|||0|35184372088985|1168231121007|96
2012-12-26T05:27:26.433+00:00|1168231506479|photo1168231506479.jpg|196.1.98.252|Firefox|||0|35184372088985|1168231121007|96
2012-12-26T05:27:27.433+00:00|1168231506480|photo1168231506480.jpg|196.1.98.252|Firefox|||0|35184372088985|1168231121007|96
2012-12-26T05:27:28.433+00:00|1168231506481|photo1168231506481.jpg|196.1.98.252|Firefox|||0|35184372088985|1168231121007|96
2012-12-26T05:27:29.433+00:00|1168231506482|photo1168231506482.jpg|196.1.98.252|Firefox|||0|35184372088985|1168231121007|96
2012-12-26T05:27:30.433+00:00|1168231506483|photo1168231506483.jpg|196.1.98.252|Firefox|||0|35184372088985|1168231121007|96
2012-12-26T05:27:31.433+00:00|1168231506484|photo1168231506484.jpg|196.1.98.252|Firefox|||0|35184372088985|1168231121007|96
2012-12-26T05:27:32.433+00:00|1168231506485|photo1168231506485.jpg|196.1.98.252|Firefox|||0|35184372088985|1168231121007|96
2012-12-26T05:27:33.433+00:00|1168231506486|photo1168231506486.jpg|196.1.98.252|Firefox|||0|35184372088985|1168231121007|96
2012-12-26T05:27:34.433+00:00|1168231506487|photo1168231506487.jpg|196.1.98.252|Firefox|||0|35184372088985|1168231121007|96
2012-12-26T05:27:35.433+00:00|1168231506488|photo1168231506488.jpg|196.1.98.252|Firefox|||0|35184372088985|1168231121007|96
2012-12-26T05:27:36.433+00:00|1168231506489|photo1168231506489.jpg|196.1.98.252|Firefox|||0|35184372088985|1168231121007|96
2012-12-26T05:27:37.433+00:00|1168231506490|photo1168231506490.jpg|196.1.98.252|Firefox|||0|35184372088985|1168231121007|96
2012-12-26T05:27:38.433+00:00|1168231506491|photo1168231506491.jpg|196.1.98.252|Firefox|||0|35184372088985|1168231121007|96
2012-12-26T05:27:39.433+00:00|1168231506492|photo1168231506492.jpg|196.1.98.252|Firefox|||0|35184372088985|1168231121007|96
2012-12-26T05:33:40.061+00:00|1168231323225||196.1.94.236|Internet Explorer|fr|About Niccolò Machiavelli, s, and poetry. His personal correspondence is renowned in the Italian language. He|110|15393162789916|549755822134|96
2012-12-26T05:35:15.495+00:00|1168231301435||193.193.238.92|Chrome|en|About Anton Corbijn, d sleeve photography for both for almost 3 decades. Some of his works include music video|110|17592186045681|343597391095|82
2012-12-26T05:35:53.943+00:00|1168231127012||27.112.89.16|Firefox|my|About Morocco, oroccan Arabic, is spoken in the southern provinces of the country by a small population. Mos|108|35184372089511|412316861276|1
2012-12-26T05:47:08.058+00:00|1168231251348||31.24.152.190|Chrome|en|About Salman Rushdie, also deposited his archives. In May 2008 he was elected a Foreign|87|17592186044645|412316866072|99
2012-12-26T05:51:02.664+00:00|1168231197041||1.187.75.219|Chrome|sd|About Andy Roddick, es him the last North American male player to win a grand slam singles event. Roddick has reache|116|37383395345707|343597387124|0
2012-12-26T06:09:34.524+00:00|1168231321999||59.178.59.128|Internet Explorer|fr|About Billie Holiday, ity, New York, United StatesGenres Vocal jazz, jazz blues, torch song|91|4398046512328|412316868660|0
2012-12-26T06:19:18.428+00:00|1168231204389||103.2.149.177|Firefox|en|About Howard Hughes, reclusive lifestyle in later life, caused in part by a worsening obsessive–compulsiv|105|19791209300504|343597387272|100
2012-12-26T06:37:39.780+00:00|1168231293745||31.192.109.124|Internet Explorer|en|About Ludwig van Beethoven, n the transition between the Classical and Romantic eras i|86|37383395344428|343597391027|56
2012-12-26T06:43:05.592+00:00|1168231454289||27.48.183.112|Firefox|th|About Julie Andrews, y debut in a 1954 production of The Boy Friend, and rose to prominence starring in musicals such as My Fair Lady and Camelot, both of which earned her T|173|2199023256818|755914257823|0
2012-12-26T06:51:11.828+00:00|1168231481473||196.216.162.241|Internet Explorer|en|About Joe Cocker, gs, particularly those of the Beatles. He is the recipient of several awards, including a 1983 G|114|19791209301538|893353212523|102
2012-12-26T06:52:48.802+00:00|1168231348092||196.1.94.236|Internet Explorer|en|About Solomon, ered as a major Prophet, known as Sulaiman, son of David. The Hebrew Bible credits Solomon as th|111|15393162789916|755914253194|96
2012-12-26T07:01:30.993+00:00|1168231264430|photo1168231264430.jpg|49.0.0.124|Firefox|||0|6597069767597|1168231110600|51
2012-12-26T07:01:31.993+00:00|1168231264431|photo1168231264431.jpg|49.0.0.124|Firefox|||0|6597069767597|1168231110600|51
2012-12-26T07:01:32.993+00:00|1168231264432|photo1168231264432.jpg|49.0.0.124|Firefox|||0|6597069767597|1168231110600|51
2012-12-26T07:03:17.653+00:00|1168231500524||46.16.217.105|Chrome|en|About Queen Victoria, ess of India. Victoria was the daughter of Prince Edward, Duke of Kent and Strathearn, the fourth|120|2199023256083|1099511643827|50
2012-12-26T07:27:58.290+00:00|1168231272074|photo1168231272074.jpg|115.85.60.103|Chrome|||0|6597069767969|1168231111054|55
2012-12-26T07:27:59.290+00:00|1168231272075|photo1168231272075.jpg|115.85.60.103|Chrome|||0|6597069767969|1168231111054|55
2012-12-26T07:28:00.290+00:00|1168231272076|photo1168231272076.jpg|115.85.60.103|Chrome|||0|6597069767969|1168231111054|55
2012-12-26T07:28:01.290+00:00|1168231272077|photo1168231272077.jpg|115.85.60.103|Chrome|||0|6597069767969|1168231111054|55
2012-12-26T07:28:02.290+00:00|1168231272078|photo1168231272078.jpg|115.85.60.103|Chrome|||0|6597069767969|1168231111054|55
2012-12-26T07:40:39.362+00:00|1168231127183||24.53.139.223|Internet Explorer|my|About Morocco, s and the Assembly of Councillors. The king can also issue decrees called da|91|35184372089050|412316861276|57
2012-12-26T07:50:45.251+00:00|1168231403287|photo1168231403287.jpg|31.192.132.124|Firefox|||0|17592186044455|1168231116044|56
2012-12-26T07:50:46.251+00:00|1168231403288|photo1168231403288.jpg|31.192.132.124|Firefox|||0|17592186044455|1168231116044|56
2012-12-26T07:50:47.251+00:00|1168231403289|photo1168231403289.jpg|31.192.132.124|Firefox|||0|17592186044455|1168231116044|56
2012-12-26T07:50:48.251+00:00|1168231403290|photo1168231403290.jpg|31.192.132.124|Firefox|||0|17592186044455|1168231116044|56
2012-12-26T07:50:49.251+00:00|1168231403291|photo1168231403291.jpg|31.192.132.124|Firefox|||0|17592186044455|1168231116044|56
2012-12-26T07:50:50.251+00:00|1168231403292|photo1168231403292.jpg|31.192.132.124|Firefox|||0|17592186044455|1168231116044|56
2012-12-26T07:50:51.251+00:00|1168231403293|photo1168231403293.jpg|31.192.132.124|Firefox|||0|17592186044455|1168231116044|56
2012-12-26T07:50:52.251+00:00|1168231403294|photo1168231403294.jpg|31.192.132.124|Firefox|||0|17592186044455|1168231116044|56
2012-12-26T07:50:53.251+00:00|1168231403295|photo1168231403295.jpg|31.192.132.124|Firefox|||0|17592186044455|1168231116044|56
2012-12-26T07:50:54.251+00:00|1168231403296|photo1168231403296.jpg|31.192.132.124|Firefox|||0|17592186044455|1168231116044|56
2012-12-26T07:50:55.251+00:00|1168231403297|photo1168231403297.jpg|31.192.132.124|Firefox|||0|17592186044455|1168231116044|56
2012-12-26T07:50:56.251+00:00|1168231403298|photo1168231403298.jpg|31.192.132.124|Firefox|||0|17592186044455|1168231116044|56
2012-12-26T07:50:57.251+00:00|1168231403299|photo1168231403299.jpg|31.192.132.124|Firefox|||0|17592186044455|1168231116044|56
2012-12-26T07:50:58.251+00:00|1168231403300|photo1168231403300.jpg|31.192.132.124|Firefox|||0|17592186044455|1168231116044|56
2012-12-26T07:50:59.251+00:00|1168231403301|photo1168231403301.jpg|31.192.132.124|Firefox|||0|17592186044455|1168231116044|56
2012-12-26T08:09:03.525+00:00|1168231289838||192.207.200.111|Internet Explorer|kn|About Nero,  assassination, he committed suicide on 9 June 68. His death ended the Julio-Claudian Dyna|102|15393162789809|343597391024|49
2012-12-26T08:09:16.799+00:00|1168231363711|photo1168231363711.jpg|118.107.132.184|Internet Explorer|||0|13194139534228|1168231114226|54
2012-12-26T08:09:17.799+00:00|1168231363712|photo1168231363712.jpg|118.107.132.184|Internet Explorer|||0|13194139534228|1168231114226|54
2012-12-26T08:09:18.799+00:00|1168231363713|photo1168231363713.jpg|118.107.132.184|Internet Explorer|||0|13194139534228|1168231114226|54
2012-12-26T08:09:19.799+00:00|1168231363714|photo1168231363714.jpg|118.107.132.184|Internet Explorer|||0|13194139534228|1168231114226|54
2012-12-26T08:09:20.799+00:00|1168231363715|photo1168231363715.jpg|118.107.132.184|Internet Explorer|||0|13194139534228|1168231114226|54
2012-12-26T08:09:21.799+00:00|1168231363716|photo1168231363716.jpg|118.107.132.184|Internet Explorer|||0|13194139534228|1168231114226|54
2012-12-26T08:09:22.799+00:00|1168231363717|photo1168231363717.jpg|118.107.132.184|Internet Explorer|||0|13194139534228|1168231114226|54
2012-12-26T08:09:23.799+00:00|1168231363718|photo1168231363718.jpg|118.107.132.184|Internet Explorer|||0|13194139534228|1168231114226|54
2012-12-26T08:09:24.799+00:00|1168231363719|photo1168231363719.jpg|118.107.132.184|Internet Explorer|||0|13194139534228|1168231114226|54
2012-12-26T08:09:25.799+00:00|1168231363720|photo1168231363720.jpg|118.107.132.184|Internet Explorer|||0|13194139534228|1168231114226|54
2012-12-26T08:09:26.799+00:00|1168231363721|photo1168231363721.jpg|118.107.132.184|Internet Explorer|||0|13194139534228|1168231114226|54
2012-12-26T08:09:27.799+00:00|1168231363722|photo1168231363722.jpg|118.107.132.184|Internet Explorer|||0|13194139534228|1168231114226|54
2012-12-26T08:09:28.799+00:00|1168231363723|photo1168231363723.jpg|118.107.132.184|Internet Explorer|||0|13194139534228|1168231114226|54
2012-12-26T08:09:29.799+00:00|1168231363724|photo1168231363724.jpg|118.107.132.184|Internet Explorer|||0|13194139534228|1168231114226|54
2012-12-26T08:09:30.799+00:00|1168231363725|photo1168231363725.jpg|46.254.215.64|Internet Explorer|||0|13194139534228|1168231114226|14
2012-12-26T08:09:31.799+00:00|1168231363726|photo1168231363726.jpg|118.107.132.184|Internet Explorer|||0|13194139534228|1168231114226|54
2012-12-26T08:12:39.284+00:00|1168231434923||89.223.178.127|Firefox|en|About Joe Biden, 2008 U.S. presidential election. Biden is the first Roman Catholic and the first Delawarean to become Vice President of the United S|149|37383395344998|687194780129|79
2012-12-26T08:21:00.464+00:00|1168231112324||27.112.89.16|Firefox|zh|About Patti Smith,  On November 17, 2010, she won the National Book Award for her memoir Ju|91|35184372089511|618475291000|1
2012-12-26T08:38:02.660+00:00|1168231435113||117.6.98.6|Internet Explorer|zh|About Bob Dylan, ginal compositions, and was produced by Columbia's legendary talent scout John H. Hammond, who si|114|24189255811433|687194780130|58
2012-12-26T08:47:09.316+00:00|1168231482634|photo1168231482634.jpg|27.100.15.53|Chrome|||0|26388279067382|1168231119531|0
2012-12-26T08:47:10.316+00:00|1168231482635|photo1168231482635.jpg|27.100.15.53|Chrome|||0|26388279067382|1168231119531|0
2012-12-26T08:47:11.316+00:00|1168231482636|photo1168231482636.jpg|27.100.15.53|Chrome|||0|26388279067382|1168231119531|0
2012-12-26T08:47:12.316+00:00|1168231482637|photo1168231482637.jpg|27.100.15.53|Chrome|||0|26388279067382|1168231119531|0
2012-12-26T08:47:13.316+00:00|1168231482638|photo1168231482638.jpg|27.100.15.53|Chrome|||0|26388279067382|1168231119531|0
2012-12-26T08:47:14.316+00:00|1168231482639|photo1168231482639.jpg|27.100.15.53|Chrome|||0|26388279067382|1168231119531|0
2012-12-26T09:03:55.895+00:00|1168231176481||81.192.85.153|Chrome|bn|About The New Game, in some cases] gym students. The New Games movement was initiated by George Leonard and Stewart Bra|119|6597069767462|206158433003|87
2012-12-26T09:08:35.330+00:00|1168231383827|photo1168231383827.jpg|121.127.18.252|Firefox|||0|15393162789178|1168231115020|55
2012-12-26T09:08:36.330+00:00|1168231383828|photo1168231383828.jpg|121.127.18.252|Firefox|||0|15393162789178|1168231115020|55
2012-12-26T09:08:37.330+00:00|1168231383829|photo1168231383829.jpg|121.127.18.252|Firefox|||0|15393162789178|1168231115020|55
2012-12-26T09:08:38.330+00:00|1168231383830|photo1168231383830.jpg|121.127.18.252|Firefox|||0|15393162789178|1168231115020|55
2012-12-26T09:11:04.553+00:00|1168231122787||89.223.178.127|Firefox|gu|About Mohammad Reza Pahlavi, org Arteshtārān . Mohammad Reza came to power during World War II after an Anglo-Soviet invasion forced the abdication of his father Reza Shah. During his reign, the Iranian oil industry|215|37383395344998|137438954184|79
2012-12-26T09:35:08.836+00:00|1168231362785||192.111.229.219|Chrome|es|About James K. Polk, ished a treasury system that lasted until 1913. Polk oversaw the opening of the U.S. Naval|112|19791209300651|618475300311|49
2012-12-26T09:40:23.670+00:00|1168231371220||27.105.50.3|Firefox|en|About Kevin Rudd, he Goss government lost office in 1995, Rudd was hired as a Senior China Consultant b|103|15393162789357|481036347120|94
2012-12-26T09:59:17.243+00:00|1168231243877||94.126.172.0|Firefox|zh|About Augustine of Hippo, ntial in the development of Western Christianity. According to his contemporary, Jerome, Augus|120|37383395345764|687194772566|93
2012-12-26T10:01:09.094+00:00|1168231298178||27.116.22.98|Chrome|en|About Maximilian I, Holy Roman Emperor, ky. He had ruled jointly with his father for|84|21990232555934|412316867830|0
2012-12-26T10:02:52.414+00:00|1168231497047||189.217.209.55|Internet Explorer|en|About Ludwig Wittgenstein, rn in Vienna into one of Europe's wealthiest families, he gaveAbout Denzel Washington, screenwriter, director, and film producer. He first rose to prAbout T|183|30786325577809|962072690115|53
2012-12-26T10:03:58.310+00:00|1168231189909||27.0.1.207|Chrome|en|About Neil Diamond, n John. His songs have been covered internationally by many performers fro|94|13194139533439|824633724101|52
2012-12-26T10:13:22.601+00:00|1168231463140||27.122.45.252|Internet Explorer|ar|About Heinz Guderian,  panzer forces in several campaigns, became Inspector-General of Armored Troops, rose to the rank of|123|10995116277782|893353211744|52
2012-12-26T10:17:10.671+00:00|1168231300821||31.177.111.59|Chrome|en|About Anton Corbijn, m director. He is the creative director behind the visual output of Depeche Mode and U2, having handled the principal promotion and sleeve photography for both for almost 3 decades. Some|207|30786325578366|343597391095|56
2012-12-26T10:33:43.368+00:00|1168231504837||1.10.3.89|Safari|en|About Spike Lee, n company, 40 Acres & A Mule Filmworks, has produced over 35 films since 1983. Lee's movies have examined|123|28587302323720|1168231120893|1
2012-12-26T10:38:47.705+00:00|1168231434897||180.178.146.209|Firefox|en|About Joe Biden,  Violence Against Women Act. He chaired the Judiciary Committee during the contentio|101|17592186045364|687194780129|54
2012-12-26T10:41:13.000+00:00|1168231172969||203.81.86.80|Firefox|en|About Leon Trotsky, Soviet Union, and was eventually assassinated in Mexico, by Ramón Mercader|94|2199023256055|274877909738|65
2012-12-26T10:53:27.841+00:00|1168231335760|photo1168231335760.jpg|180.148.4.164|Internet Explorer|||0|10995116278656|1168231113255|58
2012-12-26T10:55:04.870+00:00|1168231115238|photo1168231115238.jpg|31.42.64.28|Internet Explorer|||0|659|1168231104982|72
2012-12-26T10:55:05.870+00:00|1168231115239|photo1168231115239.jpg|31.42.64.28|Internet Explorer|||0|659|1168231104982|72
2012-12-26T10:55:06.870+00:00|1168231115240|photo1168231115240.jpg|31.42.64.28|Internet Explorer|||0|659|1168231104982|72
2012-12-26T10:55:07.870+00:00|1168231115241|photo1168231115241.jpg|31.42.64.28|Internet Explorer|||0|659|1168231104982|72
2012-12-26T10:55:08.870+00:00|1168231115242|photo1168231115242.jpg|31.42.64.28|Internet Explorer|||0|659|1168231104982|72
2012-12-26T10:59:26.812+00:00|1168231462057||117.6.98.6|Internet Explorer|vi|About Mstislav Rostropovich, known for both inspiring and commissioning new works which enlarged the cello repertoi|115|24189255811433|755914258201|58
2012-12-26T11:27:01.734+00:00|1168231271523||27.107.7.101|Chrome|en|About Joseph Smith, nized Church of Jesus Christ of Latter Day Saints (RLDS), and other Latter Day Saint churches. Selections from the Joseph Smith Translation are also included in the footnot|192|17592186045071|893353204083|0
2012-12-26T11:29:21.483+00:00|1168231389504||81.17.167.143|Internet Explorer|en|About Kaia Kanepi, o in 2010, becoming the first Estonian female player to win a WTA title. She has also reached three Grand Slam quarterfinals, becoming the first Estonian to achieve this and was the first Estonian to be ranke|227|15393162789716|481036347976|82
2012-12-26T11:55:42.495+00:00|1168231318586||49.33.127.55|Chrome|en|About Rumi, est, first performing the Hajj and eventually settling in the Anatolian ci|86|10995116277851|343597391842|0
2012-12-26T12:13:15.772+00:00|1168231179608||175.107.46.68|Firefox|ur|About Robert Louis Stevenson,  1850 – 3 December 1894) was a Scottish novelist, poet|84|13194139534169|206158433043|54
2012-12-26T12:24:48.999+00:00|1168231172159||27.116.21.190|Opera|en|About Leon Trotsky, iet political figures who was never rehabilitated by the government of M|92|37383395345473|274877909738|0
2012-12-26T12:26:31.432+00:00|1168231196768||1.2.2.59|Chrome|sd|About Andy Roddick, nnis player and a former World No. 1. He is currently the third highest-r|93|32985348833485|343597387124|1
2012-12-26T12:47:07.591+00:00|1168231363185||31.24.152.190|Chrome|es|About James K. Polk, . Polk was the surprise candidate for president in 1844, defeating He|90|17592186044645|618475300311|99
2012-12-26T13:05:59.236+00:00|1168231111420||110.44.189.187|Chrome|zh|About Patti Smith,  her work was a fusion of rock and poetry. Smith's most widely known song is Because the Night, which|121|8796093023209|618475291000|58
2012-12-26T13:10:00.606+00:00|1168231473124|photo1168231473124.jpg|61.95.161.211|Chrome|||0|24189255812502|1168231119113|0
2012-12-26T13:10:01.606+00:00|1168231473125|photo1168231473125.jpg|61.95.161.211|Chrome|||0|24189255812502|1168231119113|0
2012-12-26T13:10:02.606+00:00|1168231473126|photo1168231473126.jpg|61.95.161.211|Chrome|||0|24189255812502|1168231119113|0
2012-12-26T13:10:03.606+00:00|1168231473127|photo1168231473127.jpg|61.95.161.211|Chrome|||0|24189255812502|1168231119113|0
2012-12-26T13:10:04.606+00:00|1168231473128|photo1168231473128.jpg|61.95.161.211|Chrome|||0|24189255812502|1168231119113|0
2012-12-26T13:10:05.606+00:00|1168231473129|photo1168231473129.jpg|61.95.161.211|Chrome|||0|24189255812502|1168231119113|0
2012-12-26T13:10:06.606+00:00|1168231473130|photo1168231473130.jpg|61.95.161.211|Chrome|||0|24189255812502|1168231119113|0
2012-12-26T13:10:07.606+00:00|1168231473131|photo1168231473131.jpg|61.95.161.211|Chrome|||0|24189255812502|1168231119113|0
2012-12-26T13:10:08.606+00:00|1168231473132|photo1168231473132.jpg|61.95.161.211|Chrome|||0|24189255812502|1168231119113|0
2012-12-26T13:10:09.606+00:00|1168231473133|photo1168231473133.jpg|61.95.161.211|Chrome|||0|24189255812502|1168231119113|0
2012-12-26T13:10:10.606+00:00|1168231473134|photo1168231473134.jpg|61.95.161.211|Chrome|||0|24189255812502|1168231119113|0
2012-12-26T13:10:11.606+00:00|1168231473135|photo1168231473135.jpg|61.95.161.211|Chrome|||0|24189255812502|1168231119113|0
2012-12-26T13:10:12.606+00:00|1168231473136|photo1168231473136.jpg|61.95.161.211|Chrome|||0|24189255812502|1168231119113|0
2012-12-26T13:10:13.606+00:00|1168231473137|photo1168231473137.jpg|61.95.161.211|Chrome|||0|24189255812502|1168231119113|0
2012-12-26T13:10:14.606+00:00|1168231473138|photo1168231473138.jpg|61.95.161.211|Chrome|||0|24189255812502|1168231119113|0
2012-12-26T13:10:15.606+00:00|1168231473139|photo1168231473139.jpg|61.95.161.211|Chrome|||0|24189255812502|1168231119113|0
2012-12-26T13:10:16.606+00:00|1168231473140|photo1168231473140.jpg|61.95.161.211|Chrome|||0|24189255812502|1168231119113|0
2012-12-26T13:10:17.606+00:00|1168231473141|photo1168231473141.jpg|61.95.161.211|Chrome|||0|24189255812502|1168231119113|0
2012-12-26T13:10:18.606+00:00|1168231473142|photo1168231473142.jpg|61.95.161.211|Chrome|||0|24189255812502|1168231119113|0
2012-12-26T13:18:08.002+00:00|1168231430522|photo1168231430522.jpg|59.144.206.3|Firefox|||0|19791209300421|1168231117064|0
2012-12-26T13:18:09.002+00:00|1168231430523|photo1168231430523.jpg|59.144.206.3|Firefox|||0|19791209300421|1168231117064|0
2012-12-26T13:18:10.002+00:00|1168231430524|photo1168231430524.jpg|59.144.206.3|Firefox|||0|19791209300421|1168231117064|0
2012-12-26T13:18:11.002+00:00|1168231430525|photo1168231430525.jpg|59.144.206.3|Firefox|||0|19791209300421|1168231117064|0
2012-12-26T13:18:12.002+00:00|1168231430526|photo1168231430526.jpg|59.144.206.3|Firefox|||0|19791209300421|1168231117064|0
2012-12-26T13:18:13.002+00:00|1168231430527|photo1168231430527.jpg|59.144.206.3|Firefox|||0|19791209300421|1168231117064|0
2012-12-26T13:18:14.002+00:00|1168231430528|photo1168231430528.jpg|59.144.206.3|Firefox|||0|19791209300421|1168231117064|0
2012-12-26T13:18:15.002+00:00|1168231430529|photo1168231430529.jpg|59.144.206.3|Firefox|||0|19791209300421|1168231117064|0
2012-12-26T13:18:16.002+00:00|1168231430530|photo1168231430530.jpg|59.144.206.3|Firefox|||0|19791209300421|1168231117064|0
2012-12-26T13:18:17.002+00:00|1168231430531|photo1168231430531.jpg|59.144.206.3|Firefox|||0|19791209300421|1168231117064|0
2012-12-26T13:18:18.002+00:00|1168231430532|photo1168231430532.jpg|59.144.206.3|Firefox|||0|19791209300421|1168231117064|0
2012-12-26T13:18:19.002+00:00|1168231430533|photo1168231430533.jpg|59.144.206.3|Firefox|||0|19791209300421|1168231117064|0
2012-12-26T13:18:20.002+00:00|1168231430534|photo1168231430534.jpg|59.144.206.3|Firefox|||0|19791209300421|1168231117064|0
2012-12-26T13:49:17.091+00:00|1168231189818||58.68.16.229|Firefox|en|About Neil Diamond, y by many performers from various musical genres. Diamond was inducted into the Songwriters|112|17592186045034|824633724101|0
2012-12-26T13:55:23.501+00:00|1168231203746||46.145.120.240|Chrome|en|About Howard Hughes, estor, aviator, engineer, film producer, director, and philanthropist.|91|35184372089909|343597387272|89
2012-12-26T14:01:12.173+00:00|1168231203317||59.183.7.17|Chrome|en|About Gautama Buddha, r Kapilavastu at Piprahwa, Uttar Pradesh He later taught throughout regions of easte|106|35184372090529|893353201159|0
2012-12-26T14:09:36.883+00:00|1168231187467||117.53.155.216|Chrome|en|About Plato, . Plato's sophistication as a writer is evident in his Socratic dialogues; thirty-six dia|102|19791209300026|137438956694|85
2012-12-26T14:16:39.096+00:00|1168231370698||1.88.26.152|Firefox|en|About Kevin Rudd, cheme. The decline in his government's support in opinion polls and growing dissatisfaction of hi|115|35184372090391|481036347120|1
2012-12-26T14:18:22.000+00:00|1168231504843||27.50.4.77|Chrome|en|About Spike Lee, ve examined race relations, the role of media in contemporary life, urban crime an|99|859|1168231120893|0
2012-12-26T14:37:54.921+00:00|1168231370099||186.182.36.139|Firefox|en|About Kevin Rudd,  Rudd made policy announcements on areas such as industrial relations, climate change, an education revolution, a National Broadband Network, and health. Labor w|179|13194139533839|687194777325|61
2012-12-26T15:02:36.073+00:00|1168231225234|photo1168231225234.jpg|178.238.7.251|Internet Explorer|||0|4398046512163|1168231109072|63
2012-12-26T15:02:37.073+00:00|1168231225235|photo1168231225235.jpg|178.238.7.251|Internet Explorer|||0|4398046512163|1168231109072|63
2012-12-26T15:02:38.073+00:00|1168231225236|photo1168231225236.jpg|178.238.7.251|Internet Explorer|||0|4398046512163|1168231109072|63
2012-12-26T15:02:39.073+00:00|1168231225237|photo1168231225237.jpg|178.238.7.251|Internet Explorer|||0|4398046512163|1168231109072|63
2012-12-26T15:02:40.073+00:00|1168231225238|photo1168231225238.jpg|178.238.7.251|Internet Explorer|||0|4398046512163|1168231109072|63
2012-12-26T15:02:41.073+00:00|1168231225239|photo1168231225239.jpg|178.238.7.251|Internet Explorer|||0|4398046512163|1168231109072|63
2012-12-26T15:02:42.073+00:00|1168231225240|photo1168231225240.jpg|178.238.7.251|Internet Explorer|||0|4398046512163|1168231109072|63
2012-12-26T15:03:45.451+00:00|1168231469086||46.29.29.10|Internet Explorer|en|About Victor Hugo, o's views changed as the decades passed; he became a passionate supporter of republicanis|108|24189255812167|755914258572|50
2012-12-26T15:32:25.760+00:00|1168231507523||31.25.178.135|Internet Explorer|uk|About Henry VI of England, 1422 to 1461 and again from 1470 to 1471, and disputed King of France from 1422 to 1453|114|15393162789023|1099511644392|99
2012-12-26T15:49:48.392+00:00|1168231127259||168.255.141.22|Firefox|my|About Morocco, h an elected parliament. The King of Morocco holds vast executive powers, including the power to dissolve the parliament. Exec|141|15393162789041|412316861276|53
2012-12-26T15:56:32.446+00:00|1168231126452||14.0.11.110|Internet Explorer|my|About Morocco, the Kingdom of Morocco, is a country located in North Africa. It has a population|97|21990232557110|412316861276|52
2012-12-26T16:10:01.050+00:00|1168231500207|photo1168231500207.jpg|27.109.114.212|Chrome|||0|30786325578706|1168231120552|67
2012-12-26T16:10:02.050+00:00|1168231500208|photo1168231500208.jpg|27.109.114.212|Chrome|||0|30786325578706|1168231120552|67
2012-12-26T16:10:03.050+00:00|1168231500209|photo1168231500209.jpg|27.109.114.212|Chrome|||0|30786325578706|1168231120552|67
2012-12-26T16:10:04.050+00:00|1168231500210|photo1168231500210.jpg|27.109.114.212|Chrome|||0|30786325578706|1168231120552|67
2012-12-26T16:10:05.050+00:00|1168231500211|photo1168231500211.jpg|27.109.114.212|Chrome|||0|30786325578706|1168231120552|67
2012-12-26T16:10:06.050+00:00|1168231500212|photo1168231500212.jpg|27.109.114.212|Chrome|||0|30786325578706|1168231120552|67
2012-12-26T16:10:07.050+00:00|1168231500213|photo1168231500213.jpg|27.109.114.212|Chrome|||0|30786325578706|1168231120552|67
2012-12-26T16:10:08.050+00:00|1168231500214|photo1168231500214.jpg|27.109.114.212|Chrome|||0|30786325578706|1168231120552|67
2012-12-26T16:10:09.050+00:00|1168231500215|photo1168231500215.jpg|27.109.114.212|Chrome|||0|30786325578706|1168231120552|67
2012-12-26T16:10:10.050+00:00|1168231500216|photo1168231500216.jpg|27.109.114.212|Chrome|||0|30786325578706|1168231120552|67
2012-12-26T16:10:11.050+00:00|1168231500217|photo1168231500217.jpg|27.109.114.212|Chrome|||0|30786325578706|1168231120552|67
2012-12-26T16:10:12.050+00:00|1168231500218|photo1168231500218.jpg|24.213.80.254|Chrome|||0|30786325578706|1168231120552|66
2012-12-26T16:10:13.050+00:00|1168231500219|photo1168231500219.jpg|27.109.114.212|Chrome|||0|30786325578706|1168231120552|67
2012-12-26T16:10:14.050+00:00|1168231500220|photo1168231500220.jpg|27.109.114.212|Chrome|||0|30786325578706|1168231120552|67
2012-12-26T16:10:15.050+00:00|1168231500221|photo1168231500221.jpg|27.109.114.212|Chrome|||0|30786325578706|1168231120552|67
2012-12-26T16:10:16.050+00:00|1168231500222|photo1168231500222.jpg|27.109.114.212|Chrome|||0|30786325578706|1168231120552|67
2012-12-26T16:10:45.281+00:00|1168231122515||125.212.106.222|Chrome|gu|About Mohammad Reza Pahlavi, saddegh in 1953, clashes with Islamists, and increased communist activity. By 1979, politic|120|4398046512629|137438954184|55
2012-12-26T16:17:48.828+00:00|1168231431766||14.102.113.71|Internet Explorer|en|About Joan Fontaine,  She and her elder sister Olivia de Havilland are two of the last survi|92|19791209300650|618475303266|0
2012-12-26T16:19:20.606+00:00|1168231302437||86.101.253.253|Chrome|en|About Anton Corbijn,  for almost 3 decades. Some of his works include music videos for Depec|92|24189255811930|343597391095|79
2012-12-26T16:27:27.476+00:00|1168231177825||1.1.0.134|Internet Explorer|ur|About John F. Kennedy, s Idlewild Airport until 1963, when it was renamed after John F. Kennedy, the 35th President|116|37383395344705|481036339985|1
2012-12-26T16:45:36.073+00:00|1168231504695||148.249.80.109|Firefox|en|About Miguel de Cervantes,  the Spanish language has been so great that the language is often called la len|107|4398046512138|1099511644156|53
2012-12-26T16:58:23.653+00:00|1168231415443||14.1.99.46|Chrome|zh|About Jefferson Davis, is took charge of the Confederate war plans but was unable to find a strategy to s|105|21990232556121|824633732853|0
2012-12-26T17:47:50.439+00:00|1168231490372||41.57.59.44|Chrome|en|About Genghis Khan, llent, noble king was converted into that of a bloodthirsty pagan during|92|10995116277934|1099511643257|97
2012-12-26T17:48:46.900+00:00|1168231465293|photo1168231465293.jpg|31.24.86.214|Internet Explorer|||0|24189255811785|1168231118755|75
2012-12-26T17:48:47.900+00:00|1168231465294|photo1168231465294.jpg|31.24.86.214|Internet Explorer|||0|24189255811785|1168231118755|75
2012-12-26T17:48:48.900+00:00|1168231465295|photo1168231465295.jpg|31.24.86.214|Internet Explorer|||0|24189255811785|1168231118755|75
2012-12-26T17:48:49.900+00:00|1168231465296|photo1168231465296.jpg|31.24.86.214|Internet Explorer|||0|24189255811785|1168231118755|75
2012-12-26T17:48:50.900+00:00|1168231465297|photo1168231465297.jpg|31.24.86.214|Internet Explorer|||0|24189255811785|1168231118755|75
2012-12-26T17:48:51.900+00:00|1168231465298|photo1168231465298.jpg|31.24.86.214|Internet Explorer|||0|24189255811785|1168231118755|75
2012-12-26T17:48:52.900+00:00|1168231465299|photo1168231465299.jpg|31.24.86.214|Internet Explorer|||0|24189255811785|1168231118755|75
2012-12-26T17:48:53.900+00:00|1168231465300|photo1168231465300.jpg|31.24.86.214|Internet Explorer|||0|24189255811785|1168231118755|75
2012-12-26T17:48:54.900+00:00|1168231465301|photo1168231465301.jpg|31.24.86.214|Internet Explorer|||0|24189255811785|1168231118755|75
2012-12-26T17:48:55.900+00:00|1168231465302|photo1168231465302.jpg|46.230.236.90|Internet Explorer|||0|24189255811785|1168231118755|101
2012-12-26T17:48:56.900+00:00|1168231465303|photo1168231465303.jpg|31.24.86.214|Internet Explorer|||0|24189255811785|1168231118755|75
2012-12-26T17:48:57.900+00:00|1168231465304|photo1168231465304.jpg|31.24.86.214|Internet Explorer|||0|24189255811785|1168231118755|75
2012-12-26T17:48:58.900+00:00|1168231465305|photo1168231465305.jpg|31.24.86.214|Internet Explorer|||0|24189255811785|1168231118755|75
2012-12-26T17:48:59.900+00:00|1168231465306|photo1168231465306.jpg|31.24.86.214|Internet Explorer|||0|24189255811785|1168231118755|75
2012-12-26T17:49:00.900+00:00|1168231465307|photo1168231465307.jpg|31.24.86.214|Internet Explorer|||0|24189255811785|1168231118755|75
2012-12-26T17:49:01.900+00:00|1168231465308|photo1168231465308.jpg|31.24.86.214|Internet Explorer|||0|24189255811785|1168231118755|75
2012-12-26T18:01:53.146+00:00|1168231294346||31.40.10.147|Chrome|en|About Ludwig van Beethoven, al of the Electorate of Cologne and part of the Holy Roman Empire, Beethoven moved to Vien|118|26388279067426|343597391027|56
2012-12-26T18:04:40.182+00:00|1168231464125||27.98.215.42|Chrome|ar|About Heinz Guderian, rmored Troops, rose to the rank of Generaloberst, and was Chief of the General Staf|105|37383395344787|1030792165218|1
2012-12-26T18:27:26.334+00:00|1168231262349||119.17.229.134|Firefox|nl|About Georg Wilhelm Friedrich Hegel, integrated and united, without eliminating either pole or reducing o|105|37383395345222|343597389744|58
2012-12-26T18:38:44.884+00:00|1168231375111||61.11.47.20|Safari|en|About Rani Mukerji, e Kuch Kuch Hota Hai (1998), which won her a Filmfare Award for Best Supporting Actress. She la|115|13194139534942|412316870561|0
2012-12-26T18:53:08.552+00:00|1168231473402||24.38.120.200|Internet Explorer|pl|About Friedrich Nietzsche,  postmodernism. His style and radical questioning of the value and objectivity of truth ha|117|32985348834928|824633735445|57
2012-12-26T19:00:47.685+00:00|1168231482917||46.183.31.59|Safari|en|About Stevie Wonder, 0 All-Time Top Artists to celebrate the US singles chart's fiftieth anniversary, wit|105|26388279067332|1030792166069|101
2012-12-26T19:23:01.564+00:00|1168231507438||31.207.73.51|Firefox|uk|About Henry VI of England,  of England from 1422 to 1461 and again from 1470 to 1471, and dispute|97|17592186045748|1099511644392|107
2012-12-26T19:40:44.658+00:00|1168231388735|photo1168231388735.jpg|41.191.102.23|Firefox|||0|15393162789655|1168231115279|68
2012-12-26T19:40:45.658+00:00|1168231388736|photo1168231388736.jpg|41.191.102.23|Firefox|||0|15393162789655|1168231115279|68
2012-12-26T19:40:46.658+00:00|1168231388737|photo1168231388737.jpg|41.191.102.23|Firefox|||0|15393162789655|1168231115279|68
2012-12-26T19:40:47.658+00:00|1168231388738|photo1168231388738.jpg|41.191.102.23|Firefox|||0|15393162789655|1168231115279|68
2012-12-26T19:40:48.658+00:00|1168231388739|photo1168231388739.jpg|46.174.225.29|Firefox|||0|15393162789655|1168231115279|92
2012-12-26T19:40:49.658+00:00|1168231388740|photo1168231388740.jpg|41.191.102.23|Firefox|||0|15393162789655|1168231115279|68
2012-12-26T19:40:50.658+00:00|1168231388741|photo1168231388741.jpg|41.191.102.23|Firefox|||0|15393162789655|1168231115279|68
2012-12-26T19:40:51.658+00:00|1168231388742|photo1168231388742.jpg|41.191.102.23|Firefox|||0|15393162789655|1168231115279|68
2012-12-26T19:40:52.658+00:00|1168231388743|photo1168231388743.jpg|41.191.102.23|Firefox|||0|15393162789655|1168231115279|68
2012-12-26T20:11:44.267+00:00|1168231312819||112.78.99.172|Firefox|en|About Patrick Vieira, ing his time at Arsenal from 1996 to 2005, where he won three Premier League titles – one unbeat|118|37383395344651|343597391618|51
2012-12-26T20:12:31.866+00:00|1168231197646||202.56.186.226|Chrome|sd|About Lindsay Davenport, nd was ranked world no. 1 on eight different occasions. Davenport finished 1998, 2001, 2004, and 2005 as the top-ranked player. She was coache|167|30786325577918|687194770805|59
2012-12-26T20:14:31.837+00:00|1168231176160||91.212.208.247|Chrome|bn|About The New Game, w Games Book in 1976 when the Foundation was under the direction of Bernie DeKoven, Burton Naidi|116|19791209301431|206158433003|43
2012-12-26T20:53:02.989+00:00|1168231322462||120.72.84.21|Safari|fr|About Billie Holiday, hanged the art of American pop vocals forever. She co-wrote only a few songs, but several of them have become jazz standards, notably God Bless the Child, Don't|183|10995116278358|412316868660|58
2012-12-26T20:59:39.193+00:00|1168231493125||27.109.38.233|Firefox|en|About Slow Jamz, the single, which features Kanye West and Jamie Foxx peaked at number|87|21990232556317|1099511643387|1
2012-12-26T21:14:42.493+00:00|1168231301445||42.190.7.50|Firefox|en|About Anton Corbijn, irector behind the visual output of Depeche Mode and U2, having handled|92|32985348834665|343597391095|85
2012-12-26T21:17:09.525+00:00|1168231408644||164.77.202.215|Firefox|ru|About David Bowie, mber-one single Fame and the hit album Young Americans, which the singer characteris|103|4398046511613|893353209353|69
2012-12-26T21:38:56.309+00:00|1168231302067||197.255.186.200|Internet Explorer|en|About Anton Corbijn, is the creative director behind the visual output of Depeche Mode and U2, having handled t|111|2199023256738|343597391095|73
2012-12-26T21:52:42.117+00:00|1168231315282||27.123.216.51|Chrome|ha|About Bertolt Brecht,  century, Brecht made equally significant contributions to dramaturgy and theatrical production, the latter particularly through the seismic impact|169|37383395344943|343597391680|0
2012-12-26T22:01:33.643+00:00|1168231424723|photo1168231424723.jpg|204.79.171.111|Firefox|||0|17592186046075|1168231116810|50
2012-12-26T22:01:34.643+00:00|1168231424724|photo1168231424724.jpg|204.79.171.111|Firefox|||0|17592186046075|1168231116810|50
2012-12-26T22:01:35.643+00:00|1168231424725|photo1168231424725.jpg|204.79.171.111|Firefox|||0|17592186046075|1168231116810|50
2012-12-26T22:01:36.643+00:00|1168231424726|photo1168231424726.jpg|204.79.171.111|Firefox|||0|17592186046075|1168231116810|50
2012-12-26T22:01:37.643+00:00|1168231424727|photo1168231424727.jpg|204.79.171.111|Firefox|||0|17592186046075|1168231116810|50
2012-12-26T22:01:38.643+00:00|1168231424728|photo1168231424728.jpg|204.79.171.111|Firefox|||0|17592186046075|1168231116810|50
2012-12-26T22:01:39.643+00:00|1168231424729|photo1168231424729.jpg|204.79.171.111|Firefox|||0|17592186046075|1168231116810|50
2012-12-26T22:01:47.588+00:00|1168231358847||41.220.244.87|Chrome|en|About Franz Liszt,  his contemporaries to have been the most technically advanced pianAbout Brad Pitt, garnered a Best Picture nomina|133|13194139533758|412316869926|83
2012-12-26T22:02:12.883+00:00|1168231350417||41.203.133.215|Firefox|zh|About Pierre Trudeau, rre Yves Elliott Trudeau CC, CH, PC, QC, FSRC, usually known as Pierre Trudeau or Pierre Elliott Tr|121|35184372089719|481036346304|90
2012-12-26T22:04:32.113+00:00|1168231300837||31.177.111.59|Chrome|en|About Anton Corbijn, ks include music videos for Depeche Mode's Enjoy the Silence (1990) and Nirvana's Hear|107|30786325578366|343597391095|56
2012-12-26T22:17:39.810+00:00|1168231111948||61.17.197.42|Safari|zh|About Patti Smith, as a fusion of rock and poetry. Smith's most widely known song is Because the Night,|103|10995116279024|618475291000|0
2012-12-26T22:23:08.683+00:00|1168231261568||101.214.141.107|Chrome|nl|About Georg Wilhelm Friedrich Hegel, alist account of reality as a whole revolutionized European philosophy and w|113|24189255812164|343597389744|0
2012-12-26T22:27:11.142+00:00|1168231187455||117.53.155.216|Chrome|en|About Plato, atician, student of Socrates, writer of philosophical dialogues, and founder of the Academy in Athens, the first institution of higher learning in the Western world. Along with his mentor, Socrates, and his student|227|19791209300026|137438956694|85
2012-12-26T22:27:56.915+00:00|1168231309841||200.4.252.31|Firefox|zh|About F. Scott Fitzgerald, treat themes of youth and promise along with despair and age. Both The Grea|102|37383395345203|343597391527|91
2012-12-26T22:38:58.105+00:00|1168231315587||112.78.99.172|Firefox|ha|About Bertolt Brecht, aken by the Berliner Ensemble – the post-war theatre company operated by Brecht and his wife, l|117|37383395344651|343597391680|51
2012-12-26T22:45:59.779+00:00|1168231186542||123.242.205.176|Safari|en|About Plato, the foundations of Western philosophy and science. In the words of A. N. Whitehead: The safest general charac|122|26388279067176|137438956694|55
2012-12-26T22:50:09.703+00:00|1168231495845||80.90.18.217|Firefox|zh|About Adolf Hitler, t-oriented political pamphlets and anti-semitiAbout John Locke, he is e|91|28587302323559|893353213300|20
2012-12-26T23:00:28.064+00:00|1168231301676||91.223.132.248|Internet Explorer|en|About Anton Corbijn,  Mode and U2, having handled the principal promotion and sleeve photography for both for almos|115|10995116277761|343597391095|78
2012-12-26T23:08:43.546+00:00|1168231177555||202.8.75.0|Firefox|ur|About John F. Kennedy, tes in terms of passenger traffic. The New York City metropolitan area's JFK International, LaGuard|122|690|481036339985|67
2012-12-26T23:23:14.461+00:00|1168231441643|photo1168231441643.jpg|27.116.22.98|Chrome|||0|21990232555934|1168231117644|0
2012-12-26T23:23:15.461+00:00|1168231441644|photo1168231441644.jpg|27.116.22.98|Chrome|||0|21990232555934|1168231117644|0
2012-12-26T23:23:16.461+00:00|1168231441645|photo1168231441645.jpg|27.116.22.98|Chrome|||0|21990232555934|1168231117644|0
2012-12-26T23:23:17.461+00:00|1168231441646|photo1168231441646.jpg|27.116.22.98|Chrome|||0|21990232555934|1168231117644|0
2012-12-26T23:23:18.461+00:00|1168231441647|photo1168231441647.jpg|27.116.22.98|Chrome|||0|21990232555934|1168231117644|0
2012-12-26T23:23:19.461+00:00|1168231441648|photo1168231441648.jpg|27.116.22.98|Chrome|||0|21990232555934|1168231117644|0
2012-12-26T23:23:20.461+00:00|1168231441649|photo1168231441649.jpg|27.116.22.98|Chrome|||0|21990232555934|1168231117644|0
2012-12-26T23:23:21.461+00:00|1168231441650|photo1168231441650.jpg|27.116.22.98|Chrome|||0|21990232555934|1168231117644|0
2012-12-26T23:34:13.583+00:00|1168231122155||94.126.172.0|Firefox|gu|About Mohammad Reza Pahlavi,  his reign, the Iranian oil industry was nationalized under Prime Minister Mohammad M|114|37383395345764|137438954184|93
2012-12-26T23:43:42.664+00:00|1168231312627||46.238.145.20|Firefox|en|About Patrick Vieira, ole to oversee aspects such as youth development, commercial partners and the club|104|28587302323130|343597391618|77
2012-12-26T23:48:16.443+00:00|1168231329292||94.126.172.0|Firefox|pt|About Miguel de Cervantes, e Cervantes Saavedra (was a Spanish novelist, poet, and playwright. His mag|102|37383395345764|412316868905|93
