creationDate|ForumId|PersonId
2012-12-09T00:02:07.211+00:00|618475297975|10995116279024
2012-12-09T00:11:09.340+00:00|893353212523|2199023255797
2012-12-09T00:27:16.107+00:00|893353213052|37383395345882
2012-12-09T00:27:16.107+00:00|1168231121309|28587302322767
2012-12-09T00:28:22.710+00:00|1527|35184372090311
2012-12-09T00:28:22.710+00:00|1099511644410|1555
2012-12-09T00:32:46.165+00:00|412316870228|35184372089367
2012-12-09T00:32:46.165+00:00|1099511644316|13194139534447
2012-12-09T00:32:56.802+00:00|1168231119778|699
2012-12-09T00:32:56.802+00:00|1168231119778|1555
2012-12-09T00:32:56.802+00:00|1168231119778|2199023255767
2012-12-09T00:32:56.802+00:00|1168231119778|2199023256503
2012-12-09T00:32:56.802+00:00|1168231119778|2199023256752
2012-12-09T00:32:56.802+00:00|1168231119778|4398046511247
2012-12-09T00:32:56.802+00:00|1168231119778|4398046511602
2012-12-09T00:32:56.802+00:00|1168231119778|4398046511608
2012-12-09T00:32:56.802+00:00|1168231119778|6597069766793
2012-12-09T00:32:56.802+00:00|1168231119778|6597069767446
2012-12-09T00:32:56.802+00:00|1168231119778|8796093022697
2012-12-09T00:32:56.802+00:00|1168231119778|10995116278326
2012-12-09T00:32:56.802+00:00|1168231119778|10995116278727
2012-12-09T00:32:56.802+00:00|1168231119778|10995116278753
2012-12-09T00:32:56.802+00:00|1168231119778|10995116279024
2012-12-09T00:32:56.802+00:00|1168231119778|10995116279045
2012-12-09T00:32:56.802+00:00|1168231119778|13194139533641
2012-12-09T00:32:56.802+00:00|1168231119778|15393162789655
2012-12-09T00:32:56.802+00:00|1168231119778|15393162789727
2012-12-09T00:32:56.802+00:00|1168231119778|15393162790390
2012-12-09T00:32:56.802+00:00|1168231119778|17592186044645
2012-12-09T00:32:56.802+00:00|1168231119778|17592186044850
2012-12-09T00:32:56.802+00:00|1168231119778|19791209300502
2012-12-09T00:32:56.802+00:00|1168231119778|19791209301265
2012-12-09T00:32:56.802+00:00|1168231119778|21990232556739
2012-12-09T00:32:56.802+00:00|1168231119778|21990232556892
2012-12-09T00:32:56.802+00:00|1168231119778|24189255811993
2012-12-09T00:32:56.802+00:00|1168231119778|24189255812164
2012-12-09T00:32:56.802+00:00|1168231119778|24189255812726
2012-12-09T00:32:56.802+00:00|1168231119778|26388279067496
2012-12-09T00:32:56.802+00:00|1168231119778|26388279067874
2012-12-09T00:32:56.802+00:00|1168231119778|28587302322920
2012-12-09T00:32:56.802+00:00|1168231119778|28587302323130
2012-12-09T00:32:56.802+00:00|1168231119778|28587302323659
2012-12-09T00:32:56.802+00:00|1168231119778|28587302323848
2012-12-09T00:32:56.802+00:00|1168231119778|30786325578598
2012-12-09T00:32:56.802+00:00|1168231119778|32985348834574
2012-12-09T00:32:56.802+00:00|1168231119778|35184372089264
2012-12-09T00:32:56.802+00:00|1168231119778|35184372089722
2012-12-09T00:32:56.802+00:00|1168231119778|35184372089798
2012-12-09T00:32:56.802+00:00|1168231119778|35184372090028
2012-12-09T00:32:56.802+00:00|1168231119778|35184372090060
2012-12-09T00:32:56.802+00:00|1168231119778|35184372090415
2012-12-09T00:32:56.802+00:00|1168231119778|35184372090502
2012-12-09T00:32:56.802+00:00|1168231119778|37383395344590
2012-12-09T00:37:52.734+00:00|1168231121224|8796093023209
2012-12-09T00:37:52.734+00:00|1168231121224|13194139534507
2012-12-09T00:37:52.734+00:00|1168231121224|15393162789916
2012-12-09T00:37:52.734+00:00|1168231121224|17592186044566
2012-12-09T00:37:52.734+00:00|1168231121224|28587302322307
2012-12-09T00:37:52.734+00:00|1168231121224|32985348833410
2012-12-09T00:45:32.795+00:00|343597392309|37383395344633
2012-12-09T00:45:32.795+00:00|1168231121209|10995116278599
2012-12-09T00:46:28.812+00:00|1168231120317|1204
2012-12-09T00:46:28.812+00:00|1168231120317|2199023256031
2012-12-09T00:46:28.812+00:00|1168231120317|28587302322210
2012-12-09T00:57:33.832+00:00|1168231117375|21990232557010
2012-12-09T01:03:14.202+00:00|893353212973|32985348834814
2012-12-09T01:03:14.202+00:00|1030792167491|28587302322534
2012-12-09T01:13:23.192+00:00|824633735722|35184372089798
2012-12-09T01:13:23.192+00:00|1099511644348|26388279067078
2012-12-09T01:13:37.893+00:00|1030792166653|15393162790318
2012-12-09T01:17:09.212+00:00|1099511643387|28587302323130
2012-12-09T01:28:55.037+00:00|1168231121235|13194139533372
2012-12-09T01:45:52.838+00:00|962072690429|37383395344412
2012-12-09T01:45:52.838+00:00|1168231121197|30786325579172
2012-12-09T01:47:25.183+00:00|1168231120829|19791209300223
2012-12-09T02:07:49.978+00:00|343597392693|19791209300164
2012-12-09T02:07:49.978+00:00|618475303053|10995116279197
2012-12-09T02:09:37.610+00:00|1030792158392|35184372089126
2012-12-09T02:10:22.907+00:00|1168231117375|4398046511247
2012-12-09T02:15:03.203+00:00|343597392168|37383395345764
2012-12-09T02:15:03.203+00:00|1168231121305|10995116278390
2012-12-09T02:17:22.306+00:00|893353213213|32985348834574
2012-12-09T02:17:22.306+00:00|1030792167467|28587302323263
2012-12-09T02:21:27.254+00:00|1030792165218|28587302322307
2012-12-09T02:27:35.379+00:00|940|37383395345707
2012-12-09T02:27:35.379+00:00|1168231121293|1130
2012-12-09T02:45:54.678+00:00|618475303546|32985348834257
2012-12-09T02:45:54.678+00:00|1030792167418|19791209301580
2012-12-09T02:50:59.482+00:00|412316869049|10995116279375
2012-12-09T02:58:27.034+00:00|1168231115452|13194139533448
2012-12-09T02:58:27.034+00:00|1168231115452|13194139534658
2012-12-09T02:58:27.034+00:00|1168231115452|17592186044850
2012-12-09T02:58:27.034+00:00|1168231115452|21990232555781
2012-12-09T02:58:27.034+00:00|1168231115452|30786325577795
2012-12-09T02:58:27.034+00:00|1168231115452|30786325578528
2012-12-09T03:07:09.883+00:00|1099511644156|21990232556488
2012-12-09T03:08:41.068+00:00|1168231104775|1555
2012-12-09T03:08:41.068+00:00|1168231104775|4398046512351
2012-12-09T03:08:41.068+00:00|1168231104775|4398046512582
2012-12-09T03:08:41.068+00:00|1168231104775|8796093023087
2012-12-09T03:08:41.068+00:00|1168231104775|10995116278066
2012-12-09T03:08:41.068+00:00|1168231104775|13194139533919
2012-12-09T03:08:41.068+00:00|1168231104775|13194139534169
2012-12-09T03:08:41.068+00:00|1168231104775|19791209300778
2012-12-09T03:08:41.068+00:00|1168231104775|21990232555639
2012-12-09T03:08:41.068+00:00|1168231104775|21990232556121
2012-12-09T03:08:41.068+00:00|1168231104775|24189255811148
2012-12-09T03:08:41.068+00:00|1168231104775|24189255811441
2012-12-09T03:08:41.068+00:00|1168231104775|28587302323330
2012-12-09T03:08:41.068+00:00|1168231104775|30786325578612
2012-12-09T03:15:49.863+00:00|549755825531|32985348834574
2012-12-09T03:15:49.863+00:00|1030792167467|17592186044566
2012-12-09T03:20:35.865+00:00|755914253192|30786325577990
2012-12-09T03:20:44.705+00:00|68719479033|37383395345948
2012-12-09T03:20:44.705+00:00|1168231121312|2199023256031
2012-12-09T03:23:27.816+00:00|481036347976|32985348833673
2012-12-09T03:23:27.816+00:00|1030792167313|15393162789716
2012-12-09T03:24:06.309+00:00|549755825993|35184372090106
2012-12-09T03:24:06.309+00:00|1099511644386|17592186045591
2012-12-09T03:32:16.780+00:00|687194774327|35184372090136
2012-12-09T03:33:36.448+00:00|1168231121101|26388279067742
2012-12-09T03:41:55.949+00:00|68719478865|32985348833719
2012-12-09T03:41:55.949+00:00|1030792167319|2199023255898
2012-12-09T03:47:00.609+00:00|687194780633|32985348833746
2012-12-09T03:47:00.609+00:00|1030792167332|21990232556183
2012-12-09T03:52:18.142+00:00|1168231118995|46
2012-12-09T03:52:18.142+00:00|1168231118995|375
2012-12-09T03:52:18.142+00:00|1168231118995|460
2012-12-09T03:52:18.142+00:00|1168231118995|483
2012-12-09T03:52:18.142+00:00|1168231118995|773
2012-12-09T03:52:18.142+00:00|1168231118995|808
2012-12-09T03:52:18.142+00:00|1168231118995|981
2012-12-09T03:52:18.142+00:00|1168231118995|1009
2012-12-09T03:52:18.142+00:00|1168231118995|1065
2012-12-09T03:52:18.142+00:00|1168231118995|1130
2012-12-09T03:52:18.142+00:00|1168231118995|1204
2012-12-09T03:52:18.142+00:00|1168231118995|1286
2012-12-09T03:52:18.142+00:00|1168231118995|1344
2012-12-09T03:52:18.142+00:00|1168231118995|1355
2012-12-09T03:52:18.142+00:00|1168231118995|1382
2012-12-09T03:52:18.142+00:00|1168231118995|1428
2012-12-09T03:52:18.142+00:00|1168231118995|1494
2012-12-09T03:52:18.142+00:00|1168231118995|1628
2012-12-09T03:52:18.142+00:00|1168231118995|1661
2012-12-09T03:52:18.142+00:00|1168231118995|1681
2012-12-09T03:52:18.142+00:00|1168231118995|2199023255686
2012-12-09T03:52:18.142+00:00|1168231118995|2199023255767
2012-12-09T03:52:18.142+00:00|1168231118995|2199023255851
2012-12-09T03:52:18.142+00:00|1168231118995|2199023256031
2012-12-09T03:52:18.142+00:00|1168231118995|2199023256083
2012-12-09T03:52:18.142+00:00|1168231118995|2199023256198
2012-12-09T03:52:18.142+00:00|1168231118995|2199023256313
2012-12-09T03:52:18.142+00:00|1168231118995|2199023256599
2012-12-09T03:52:18.142+00:00|1168231118995|2199023256752
2012-12-09T03:52:18.142+00:00|1168231118995|2199023256858
2012-12-09T03:52:18.142+00:00|1168231118995|2199023256914
2012-12-09T03:52:18.142+00:00|1168231118995|2199023257197
2012-12-09T03:52:18.142+00:00|1168231118995|4398046511151
2012-12-09T03:52:18.142+00:00|1168231118995|4398046511219
2012-12-09T03:52:18.142+00:00|1168231118995|4398046511230
2012-12-09T03:52:18.142+00:00|1168231118995|4398046511302
2012-12-09T03:52:18.142+00:00|1168231118995|4398046511304
2012-12-09T03:52:18.142+00:00|1168231118995|4398046511458
2012-12-09T03:52:18.142+00:00|1168231118995|4398046511595
2012-12-09T03:52:18.142+00:00|1168231118995|4398046511661
2012-12-09T03:52:18.142+00:00|1168231118995|4398046511727
2012-12-09T03:52:18.142+00:00|1168231118995|4398046512008
2012-12-09T03:52:18.142+00:00|1168231118995|4398046512126
2012-12-09T03:52:18.142+00:00|1168231118995|4398046512138
2012-12-09T03:52:18.142+00:00|1168231118995|4398046512162
2012-12-09T03:52:18.142+00:00|1168231118995|4398046512233
2012-12-09T03:52:18.142+00:00|1168231118995|4398046512273
2012-12-09T03:52:18.142+00:00|1168231118995|4398046512349
2012-12-09T03:52:18.142+00:00|1168231118995|4398046512360
2012-12-09T03:52:18.142+00:00|1168231118995|4398046512388
2012-12-09T03:52:18.142+00:00|1168231118995|4398046512642
2012-12-09T03:52:18.142+00:00|1168231118995|4398046512700
2012-12-09T03:52:18.142+00:00|1168231118995|6597069766697
2012-12-09T03:52:18.142+00:00|1168231118995|6597069766712
2012-12-09T03:52:18.142+00:00|1168231118995|6597069766967
2012-12-09T03:52:18.142+00:00|1168231118995|6597069766982
2012-12-09T03:52:18.142+00:00|1168231118995|6597069767216
2012-12-09T03:52:18.142+00:00|1168231118995|6597069767411
2012-12-09T03:52:18.142+00:00|1168231118995|6597069767744
2012-12-09T03:52:18.142+00:00|1168231118995|6597069767970
2012-12-09T03:52:18.142+00:00|1168231118995|6597069768004
2012-12-09T03:52:18.142+00:00|1168231118995|6597069768129
2012-12-09T03:52:18.142+00:00|1168231118995|6597069768144
2012-12-09T03:52:18.142+00:00|1168231118995|8796093022501
2012-12-09T03:52:18.142+00:00|1168231118995|8796093022685
2012-12-09T03:52:18.142+00:00|1168231118995|8796093022697
2012-12-09T03:52:18.142+00:00|1168231118995|8796093022904
2012-12-09T03:52:18.142+00:00|1168231118995|8796093022948
2012-12-09T03:52:18.142+00:00|1168231118995|8796093022996
2012-12-09T03:52:18.142+00:00|1168231118995|8796093023087
2012-12-09T03:52:18.142+00:00|1168231118995|8796093023183
2012-12-09T03:52:18.142+00:00|1168231118995|8796093023209
2012-12-09T03:52:18.142+00:00|1168231118995|8796093023371
2012-12-09T03:52:18.142+00:00|1168231118995|8796093023537
2012-12-09T03:52:18.142+00:00|1168231118995|8796093023614
2012-12-09T03:52:18.142+00:00|1168231118995|8796093023658
2012-12-09T03:52:18.142+00:00|1168231118995|8796093023895
2012-12-09T03:52:18.142+00:00|1168231118995|10995116277782
2012-12-09T03:52:18.142+00:00|1168231118995|10995116278104
2012-12-09T03:52:18.142+00:00|1168231118995|10995116278352
2012-12-09T03:52:18.142+00:00|1168231118995|10995116278358
2012-12-09T03:52:18.142+00:00|1168231118995|10995116278599
2012-12-09T03:52:18.142+00:00|1168231118995|10995116278912
2012-12-09T03:52:18.142+00:00|1168231118995|10995116278995
2012-12-09T03:52:18.142+00:00|1168231118995|10995116279002
2012-12-09T03:52:18.142+00:00|1168231118995|10995116279197
2012-12-09T03:52:18.142+00:00|1168231118995|13194139533439
2012-12-09T03:52:18.142+00:00|1168231118995|13194139533467
2012-12-09T03:52:18.142+00:00|1168231118995|13194139533562
2012-12-09T03:52:18.142+00:00|1168231118995|13194139533675
2012-12-09T03:52:18.142+00:00|1168231118995|13194139533721
2012-12-09T03:52:18.142+00:00|1168231118995|13194139533732
2012-12-09T03:52:18.142+00:00|1168231118995|13194139533919
2012-12-09T03:52:18.142+00:00|1168231118995|13194139534224
2012-12-09T03:52:18.142+00:00|1168231118995|13194139534284
2012-12-09T03:52:18.142+00:00|1168231118995|13194139534424
2012-12-09T03:52:18.142+00:00|1168231118995|13194139534658
2012-12-09T03:52:18.142+00:00|1168231118995|13194139534792
2012-12-09T03:52:18.142+00:00|1168231118995|13194139534868
2012-12-09T03:52:18.142+00:00|1168231118995|13194139534926
2012-12-09T03:52:18.142+00:00|1168231118995|13194139534936
2012-12-09T03:52:18.142+00:00|1168231118995|13194139535005
2012-12-09T03:52:18.142+00:00|1168231118995|15393162789008
2012-12-09T03:52:18.142+00:00|1168231118995|15393162789104
2012-12-09T03:52:18.142+00:00|1168231118995|15393162789271
2012-12-09T03:52:18.142+00:00|1168231118995|15393162789407
2012-12-09T03:52:18.142+00:00|1168231118995|15393162789420
2012-12-09T03:52:18.142+00:00|1168231118995|15393162789464
2012-12-09T03:52:18.142+00:00|1168231118995|15393162789544
2012-12-09T03:52:18.142+00:00|1168231118995|15393162789639
2012-12-09T03:52:18.142+00:00|1168231118995|15393162789687
2012-12-09T03:52:18.142+00:00|1168231118995|15393162789990
2012-12-09T03:52:18.142+00:00|1168231118995|15393162790053
2012-12-09T03:52:18.142+00:00|1168231118995|15393162790112
2012-12-09T03:52:18.142+00:00|1168231118995|15393162790417
2012-12-09T03:52:18.142+00:00|1168231118995|17592186044479
2012-12-09T03:52:18.142+00:00|1168231118995|17592186044513
2012-12-09T03:52:18.142+00:00|1168231118995|17592186044574
2012-12-09T03:52:18.142+00:00|1168231118995|17592186044711
2012-12-09T03:52:18.142+00:00|1168231118995|17592186044744
2012-12-09T03:52:18.142+00:00|1168231118995|17592186044794
2012-12-09T03:52:18.142+00:00|1168231118995|17592186044846
2012-12-09T03:52:18.142+00:00|1168231118995|17592186045196
2012-12-09T03:52:18.142+00:00|1168231118995|17592186045211
2012-12-09T03:52:18.142+00:00|1168231118995|17592186045591
2012-12-09T03:52:18.142+00:00|1168231118995|17592186045670
2012-12-09T03:52:18.142+00:00|1168231118995|17592186045681
2012-12-09T03:52:18.142+00:00|1168231118995|17592186045748
2012-12-09T03:52:18.142+00:00|1168231118995|17592186045813
2012-12-09T03:52:18.142+00:00|1168231118995|17592186045847
2012-12-09T03:52:18.142+00:00|1168231118995|17592186045876
2012-12-09T03:52:18.142+00:00|1168231118995|17592186046075
2012-12-09T03:52:18.142+00:00|1168231118995|17592186046107
2012-12-09T03:52:18.142+00:00|1168231118995|19791209299968
2012-12-09T03:52:18.142+00:00|1168231118995|19791209299987
2012-12-09T03:52:18.142+00:00|1168231118995|19791209300092
2012-12-09T03:52:18.142+00:00|1168231118995|19791209300150
2012-12-09T03:52:18.142+00:00|1168231118995|19791209300164
2012-12-09T03:52:18.142+00:00|1168231118995|19791209300223
2012-12-09T03:52:18.142+00:00|1168231118995|19791209300590
2012-12-09T03:52:18.142+00:00|1168231118995|19791209300650
2012-12-09T03:52:18.142+00:00|1168231118995|19791209300926
2012-12-09T03:52:18.142+00:00|1168231118995|19791209300985
2012-12-09T03:52:18.142+00:00|1168231118995|19791209301104
2012-12-09T03:52:18.142+00:00|1168231118995|19791209301454
2012-12-09T03:52:18.142+00:00|1168231118995|21990232555636
2012-12-09T03:52:18.142+00:00|1168231118995|21990232555781
2012-12-09T03:52:18.142+00:00|1168231118995|21990232555820
2012-12-09T03:52:18.142+00:00|1168231118995|21990232555855
2012-12-09T03:52:18.142+00:00|1168231118995|21990232555934
2012-12-09T03:52:18.142+00:00|1168231118995|21990232556019
2012-12-09T03:52:18.142+00:00|1168231118995|21990232556083
2012-12-09T03:52:18.142+00:00|1168231118995|21990232556130
2012-12-09T03:52:18.142+00:00|1168231118995|21990232556147
2012-12-09T03:52:18.142+00:00|1168231118995|21990232556159
2012-12-09T03:52:18.142+00:00|1168231118995|21990232556183
2012-12-09T03:52:18.142+00:00|1168231118995|21990232556205
2012-12-09T03:52:18.142+00:00|1168231118995|21990232556230
2012-12-09T03:52:18.142+00:00|1168231118995|21990232556241
2012-12-09T03:52:18.142+00:00|1168231118995|21990232556493
2012-12-09T03:52:18.142+00:00|1168231118995|21990232556540
2012-12-09T03:52:18.142+00:00|1168231118995|21990232556666
2012-12-09T03:52:18.142+00:00|1168231118995|21990232556711
2012-12-09T03:52:18.142+00:00|1168231118995|21990232556792
2012-12-09T03:52:18.142+00:00|1168231118995|21990232556823
2012-12-09T03:52:18.142+00:00|1168231118995|21990232556972
2012-12-09T03:52:18.142+00:00|1168231118995|21990232557019
2012-12-09T03:52:18.142+00:00|1168231118995|21990232557062
2012-12-09T03:52:18.142+00:00|1168231118995|21990232557184
2012-12-09T03:52:18.142+00:00|1168231118995|24189255811180
2012-12-09T03:52:18.142+00:00|1168231118995|24189255811413
2012-12-09T03:52:18.142+00:00|1168231118995|24189255811431
2012-12-09T03:52:18.142+00:00|1168231118995|24189255811577
2012-12-09T03:52:18.142+00:00|1168231118995|24189255812066
2012-12-09T03:52:18.142+00:00|1168231118995|24189255812158
2012-12-09T03:52:18.142+00:00|1168231118995|24189255812511
2012-12-09T03:52:18.142+00:00|1168231118995|24189255812617
2012-12-09T03:52:18.142+00:00|1168231118995|26388279066771
2012-12-09T03:52:18.142+00:00|1168231118995|26388279066773
2012-12-09T03:52:18.142+00:00|1168231118995|26388279066936
2012-12-09T03:52:18.142+00:00|1168231118995|26388279067078
2012-12-09T03:52:18.142+00:00|1168231118995|26388279067293
2012-12-09T03:52:18.142+00:00|1168231118995|26388279067637
2012-12-09T03:52:18.142+00:00|1168231118995|26388279067742
2012-12-09T03:52:18.142+00:00|1168231118995|26388279067748
2012-12-09T03:52:18.142+00:00|1168231118995|26388279067850
2012-12-09T03:52:18.142+00:00|1168231118995|26388279068195
2012-12-09T03:52:18.142+00:00|1168231118995|28587302322216
2012-12-09T03:52:18.142+00:00|1168231118995|28587302322227
2012-12-09T03:52:18.142+00:00|1168231118995|28587302322401
2012-12-09T03:52:18.142+00:00|1168231118995|28587302322495
2012-12-09T03:52:18.142+00:00|1168231118995|28587302322534
2012-12-09T03:52:18.142+00:00|1168231118995|28587302322645
2012-12-09T03:52:18.142+00:00|1168231118995|28587302322697
2012-12-09T03:52:18.142+00:00|1168231118995|28587302322718
2012-12-09T03:52:18.142+00:00|1168231118995|28587302322805
2012-12-09T03:52:18.142+00:00|1168231118995|28587302322808
2012-12-09T03:52:18.142+00:00|1168231118995|28587302322885
2012-12-09T03:52:18.142+00:00|1168231118995|28587302322947
2012-12-09T03:52:18.142+00:00|1168231118995|28587302323099
2012-12-09T03:52:18.142+00:00|1168231118995|28587302323188
2012-12-09T03:52:18.142+00:00|1168231118995|28587302323283
2012-12-09T03:52:18.142+00:00|1168231118995|28587302323609
2012-12-09T03:52:18.142+00:00|1168231118995|28587302323659
2012-12-09T03:52:18.142+00:00|1168231118995|28587302323720
2012-12-09T03:52:18.142+00:00|1168231118995|28587302323802
2012-12-09T03:52:18.142+00:00|1168231118995|30786325577795
2012-12-09T03:52:18.142+00:00|1168231118995|30786325577994
2012-12-09T03:52:18.142+00:00|1168231118995|30786325578339
2012-12-09T03:52:18.142+00:00|1168231118995|30786325578366
2012-12-09T03:52:18.142+00:00|1168231118995|30786325578706
2012-12-09T03:52:18.142+00:00|1168231118995|30786325578797
2012-12-09T03:52:18.142+00:00|1168231118995|30786325578881
2012-12-09T03:52:18.142+00:00|1168231118995|30786325578905
2012-12-09T03:52:18.142+00:00|1168231118995|30786325579035
2012-12-09T03:52:18.142+00:00|1168231118995|30786325579118
2012-12-09T03:52:18.142+00:00|1168231118995|30786325579172
2012-12-09T03:52:18.142+00:00|1168231118995|30786325579197
2012-12-09T03:52:18.142+00:00|1168231118995|30786325579234
2012-12-09T03:52:18.142+00:00|1168231118995|30786325579256
2012-12-09T03:52:18.142+00:00|1168231118995|32985348833455
2012-12-09T03:52:18.142+00:00|1168231118995|32985348833481
2012-12-09T03:52:18.142+00:00|1168231118995|32985348833515
2012-12-09T03:52:18.142+00:00|1168231118995|32985348833517
2012-12-09T03:52:18.142+00:00|1168231118995|32985348833559
2012-12-09T03:52:18.142+00:00|1168231118995|32985348833610
2012-12-09T03:52:18.142+00:00|1168231118995|32985348834169
2012-12-09T03:52:18.142+00:00|1168231118995|32985348834214
2012-12-09T03:52:18.142+00:00|1168231118995|32985348834242
2012-12-09T03:52:18.142+00:00|1168231118995|32985348834254
2012-12-09T03:52:18.142+00:00|1168231118995|32985348834275
2012-12-09T03:52:18.142+00:00|1168231118995|32985348834321
2012-12-09T03:52:18.142+00:00|1168231118995|32985348834502
2012-12-09T03:52:18.142+00:00|1168231118995|32985348834852
2012-12-09T03:52:18.142+00:00|1168231118995|32985348834886
2012-12-09T03:52:18.142+00:00|1168231118995|32985348834914
2012-12-09T03:52:18.142+00:00|1168231118995|35184372088834
2012-12-09T03:52:18.142+00:00|1168231118995|35184372088984
2012-12-09T03:52:18.142+00:00|1168231118995|35184372088997
2012-12-09T03:52:18.142+00:00|1168231118995|35184372089039
2012-12-09T03:52:18.142+00:00|1168231118995|35184372089300
2012-12-09T03:52:18.142+00:00|1168231118995|35184372089373
2012-12-09T03:52:18.142+00:00|1168231118995|35184372089378
2012-12-09T03:52:18.142+00:00|1168231118995|35184372089449
2012-12-09T03:52:18.142+00:00|1168231118995|35184372089798
2012-12-09T03:52:18.142+00:00|1168231118995|35184372089878
2012-12-09T03:52:18.142+00:00|1168231118995|35184372089895
2012-12-09T03:52:18.142+00:00|1168231118995|35184372090028
2012-12-09T03:52:18.142+00:00|1168231118995|35184372090046
2012-12-09T03:52:18.142+00:00|1168231118995|35184372090346
2012-12-09T03:52:18.142+00:00|1168231118995|35184372090482
2012-12-09T03:52:18.142+00:00|1168231118995|37383395344486
2012-12-09T03:52:18.142+00:00|1168231118995|37383395344541
2012-12-09T03:52:18.142+00:00|1168231118995|37383395344590
2012-12-09T03:52:18.142+00:00|1168231118995|37383395345414
2012-12-09T03:52:18.142+00:00|1168231118995|37383395345948
2012-12-09T04:05:55.695+00:00|618475291077|37383395344977
2012-12-09T04:05:55.695+00:00|412316860871|37383395344977
2012-12-09T04:05:55.695+00:00|274877907400|37383395344977
2012-12-09T04:05:55.695+00:00|457|37383395344977
2012-12-09T04:05:55.695+00:00|412316860874|37383395344977
2012-12-09T04:05:55.695+00:00|549755814348|37383395344977
2012-12-09T04:05:55.695+00:00|274877907406|37383395344977
2012-12-09T04:05:55.695+00:00|824633721296|37383395344977
2012-12-09T04:05:55.695+00:00|962072674769|37383395344977
2012-12-09T04:05:55.695+00:00|466|37383395344977
2012-12-09T04:05:55.695+00:00|824633721299|37383395344977
2012-12-09T04:05:55.695+00:00|893353198039|37383395344977
2012-12-09T04:05:55.695+00:00|824633721304|37383395344977
2012-12-09T04:05:55.695+00:00|68719477211|37383395344977
2012-12-09T04:05:55.695+00:00|68719477212|37383395344977
2012-12-09T04:05:55.695+00:00|343597384157|37383395344977
2012-12-09T04:05:55.695+00:00|206158430686|37383395344977
2012-12-09T04:05:55.695+00:00|1030792151520|37383395344977
2012-12-09T04:05:55.695+00:00|68719477217|37383395344977
2012-12-09T04:05:55.695+00:00|412316860899|37383395344977
2012-12-09T04:05:55.695+00:00|274877907428|37383395344977
2012-12-09T04:05:55.695+00:00|274877907430|37383395344977
2012-12-09T04:05:55.695+00:00|1030792151527|37383395344977
2012-12-09T04:05:55.695+00:00|137438955533|37383395344977
2012-12-09T04:05:55.695+00:00|206158432272|37383395344977
2012-12-09T04:05:55.695+00:00|1168231106578|37383395344977
2012-12-09T04:05:55.695+00:00|343597385747|37383395344977
2012-12-09T04:05:55.695+00:00|618475292692|37383395344977
2012-12-09T04:05:55.695+00:00|893353199637|37383395344977
2012-12-09T04:05:55.695+00:00|618475292694|37383395344977
2012-12-09T04:05:55.695+00:00|824633722903|37383395344977
2012-12-09T04:05:55.695+00:00|618475292696|37383395344977
2012-12-09T04:05:55.695+00:00|274877909017|37383395344977
2012-12-09T04:05:55.695+00:00|274877909018|37383395344977
2012-12-09T04:05:55.695+00:00|687194769436|37383395344977
2012-12-09T04:05:55.695+00:00|962072676381|37383395344977
2012-12-09T04:05:55.695+00:00|206158432287|37383395344977
2012-12-09T04:05:55.695+00:00|824633722912|37383395344977
2012-12-09T04:05:55.695+00:00|549755815969|37383395344977
2012-12-09T04:05:55.695+00:00|824633722914|37383395344977
2012-12-09T04:05:55.695+00:00|962072676388|37383395344977
2012-12-09T04:05:55.695+00:00|274877909029|37383395344977
2012-12-09T04:05:55.695+00:00|137438955558|37383395344977
2012-12-09T04:05:55.695+00:00|618475292711|37383395344977
2012-12-09T04:05:55.695+00:00|274877909034|37383395344977
2012-12-09T04:05:55.695+00:00|687194769451|37383395344977
2012-12-09T04:05:55.695+00:00|206158432300|37383395344977
2012-12-09T04:05:55.695+00:00|343597385773|37383395344977
2012-12-09T04:05:55.695+00:00|137438955770|37383395344977
2012-12-09T04:05:55.695+00:00|1099511630075|37383395344977
2012-12-09T04:05:55.695+00:00|1099511630076|37383395344977
2012-12-09T04:05:55.695+00:00|1099511630077|37383395344977
2012-12-09T04:05:55.695+00:00|755914246398|37383395344977
2012-12-09T04:05:55.695+00:00|824633723135|37383395344977
2012-12-09T04:05:55.695+00:00|481036339458|37383395344977
2012-12-09T04:05:55.695+00:00|1099511630084|37383395344977
2012-12-09T04:05:55.695+00:00|206158432518|37383395344977
2012-12-09T04:05:55.695+00:00|962072676615|37383395344977
2012-12-09T04:05:55.695+00:00|755914246408|37383395344977
2012-12-09T04:05:55.695+00:00|1168231106826|37383395344977
2012-12-09T04:05:55.695+00:00|1099511630091|37383395344977
2012-12-09T04:05:55.695+00:00|687194769677|37383395344977
2012-12-09T04:05:55.695+00:00|687194769678|37383395344977
2012-12-09T04:05:55.695+00:00|824633723153|37383395344977
2012-12-09T04:05:55.695+00:00|962072676626|37383395344977
2012-12-09T04:05:55.695+00:00|549755816211|37383395344977
2012-12-09T04:05:55.695+00:00|824633723159|37383395344977
2012-12-09T04:05:55.695+00:00|412316862746|37383395344977
2012-12-09T04:05:55.695+00:00|755914246427|37383395344977
2012-12-09T04:05:55.695+00:00|274877910705|37383395344977
2012-12-09T04:05:55.695+00:00|1030792154803|37383395344977
2012-12-09T04:05:55.695+00:00|481036340916|37383395344977
2012-12-09T04:05:55.695+00:00|549755817653|37383395344977
2012-12-09T04:05:55.695+00:00|618475294391|37383395344977
2012-12-09T04:05:55.695+00:00|687194771129|37383395344977
2012-12-09T04:05:55.695+00:00|755914247866|37383395344977
2012-12-09T04:05:55.695+00:00|206158433980|37383395344977
2012-12-09T04:05:55.695+00:00|893353201341|37383395344977
2012-12-09T04:05:55.695+00:00|343597387454|37383395344977
2012-12-09T04:05:55.695+00:00|206158433983|37383395344977
2012-12-09T04:05:55.695+00:00|893353201345|37383395344977
2012-12-09T04:05:55.695+00:00|893353201346|37383395344977
2012-12-09T04:05:55.695+00:00|962072678084|37383395344977
2012-12-09T04:05:55.695+00:00|1030792154821|37383395344977
2012-12-09T04:05:55.695+00:00|481036340934|37383395344977
2012-12-09T04:05:55.695+00:00|137438957255|37383395344977
2012-12-09T04:05:55.695+00:00|1168231108297|37383395344977
2012-12-09T04:05:55.695+00:00|962072678090|37383395344977
2012-12-09T04:05:55.695+00:00|274877910731|37383395344977
2012-12-09T04:05:55.695+00:00|824633724620|37383395344977
2012-12-09T04:05:55.695+00:00|1099511631565|37383395344977
2012-12-09T04:05:55.695+00:00|343597387470|37383395344977
2012-12-09T04:05:55.695+00:00|1099511632064|37383395344977
2012-12-09T04:05:55.695+00:00|962072678593|37383395344977
2012-12-09T04:05:55.695+00:00|206158434498|37383395344977
2012-12-09T04:05:55.695+00:00|618475294915|37383395344977
2012-12-09T04:05:55.695+00:00|755914248389|37383395344977
2012-12-09T04:05:55.695+00:00|962072678598|37383395344977
2012-12-09T04:05:55.695+00:00|687194771656|37383395344977
2012-12-09T04:05:55.695+00:00|618475294921|37383395344977
2012-12-09T04:05:55.695+00:00|687194771659|37383395344977
2012-12-09T04:05:55.695+00:00|755914248396|37383395344977
2012-12-09T04:05:55.695+00:00|1099511632078|37383395344977
2012-12-09T04:05:55.695+00:00|206158434511|37383395344977
2012-12-09T04:05:55.695+00:00|274877911250|37383395344977
2012-12-09T04:05:55.695+00:00|618475294931|37383395344977
2012-12-09T04:05:55.695+00:00|824633725141|37383395344977
2012-12-09T04:05:55.695+00:00|1099511632086|37383395344977
2012-12-09T04:05:55.695+00:00|687194771939|37383395344977
2012-12-09T04:05:55.695+00:00|549755818468|37383395344977
2012-12-09T04:05:55.695+00:00|1099511632357|37383395344977
2012-12-09T04:05:55.695+00:00|274877911526|37383395344977
2012-12-09T04:05:55.695+00:00|687194771943|37383395344977
2012-12-09T04:05:55.695+00:00|893353202152|37383395344977
2012-12-09T04:05:55.695+00:00|618475295210|37383395344977
2012-12-09T04:05:55.695+00:00|962072678891|37383395344977
2012-12-09T04:05:55.695+00:00|687194771949|37383395344977
2012-12-09T04:05:55.695+00:00|1030792155630|37383395344977
2012-12-09T04:05:55.695+00:00|412316865007|37383395344977
2012-12-09T04:05:55.695+00:00|1030792155633|37383395344977
2012-12-09T04:05:55.695+00:00|274877911538|37383395344977
2012-12-09T04:05:55.695+00:00|549755818483|37383395344977
2012-12-09T04:05:55.695+00:00|755914248692|37383395344977
2012-12-09T04:05:55.695+00:00|824633725430|37383395344977
2012-12-09T04:05:55.695+00:00|893353202167|37383395344977
2012-12-09T04:05:55.695+00:00|1099511632377|37383395344977
2012-12-09T04:05:55.695+00:00|755914248700|37383395344977
2012-12-09T04:05:55.695+00:00|549755818495|37383395344977
2012-12-09T04:05:55.695+00:00|1168231109121|37383395344977
2012-12-09T04:05:55.695+00:00|618475295234|37383395344977
2012-12-09T04:05:55.695+00:00|893353202282|37383395344977
2012-12-09T04:05:55.695+00:00|962072679020|37383395344977
2012-12-09T04:05:55.695+00:00|893353202285|37383395344977
2012-12-09T04:05:55.695+00:00|962072679024|37383395344977
2012-12-09T04:05:55.695+00:00|824633725553|37383395344977
2012-12-09T04:05:55.695+00:00|618475295347|37383395344977
2012-12-09T04:05:55.695+00:00|549755818612|37383395344977
2012-12-09T04:05:55.695+00:00|343597388405|37383395344977
2012-12-09T04:05:55.695+00:00|618475295352|37383395344977
2012-12-09T04:05:55.695+00:00|549755818617|37383395344977
2012-12-09T04:05:55.695+00:00|412316865146|37383395344977
2012-12-09T04:05:55.695+00:00|274877911675|37383395344977
2012-12-09T04:05:55.695+00:00|549755818620|37383395344977
2012-12-09T04:05:55.695+00:00|618475295357|37383395344977
2012-12-09T04:05:55.695+00:00|412316865150|37383395344977
2012-12-09T04:05:55.695+00:00|687194772095|37383395344977
2012-12-09T04:05:55.695+00:00|618475295361|37383395344977
2012-12-09T04:05:55.695+00:00|962072679042|37383395344977
2012-12-09T04:05:55.695+00:00|481036341891|37383395344977
2012-12-09T04:05:55.695+00:00|549755818629|37383395344977
2012-12-09T04:05:55.695+00:00|962072679046|37383395344977
2012-12-09T04:05:55.695+00:00|687194773081|37383395344977
2012-12-09T04:05:55.695+00:00|412316866138|37383395344977
2012-12-09T04:05:55.695+00:00|343597389403|37383395344977
2012-12-09T04:05:55.695+00:00|618475296348|37383395344977
2012-12-09T04:05:55.695+00:00|412316866142|37383395344977
2012-12-09T04:05:55.695+00:00|962072680031|37383395344977
2012-12-09T04:05:55.695+00:00|1030792156770|37383395344977
2012-12-09T04:05:55.695+00:00|412316866147|37383395344977
2012-12-09T04:05:55.695+00:00|893353203301|37383395344977
2012-12-09T04:05:55.695+00:00|206158435942|37383395344977
2012-12-09T04:05:55.695+00:00|962072680039|37383395344977
2012-12-09T04:05:55.695+00:00|893353203304|37383395344977
2012-12-09T04:05:55.695+00:00|274877912681|37383395344977
2012-12-09T04:05:55.695+00:00|1099511633514|37383395344977
2012-12-09T04:05:55.695+00:00|962072680044|37383395344977
2012-12-09T04:05:55.695+00:00|687194773101|37383395344977
2012-12-09T04:05:55.695+00:00|824633726575|37383395344977
2012-12-09T04:05:55.695+00:00|481036342898|37383395344977
2012-12-09T04:05:55.695+00:00|755914249844|37383395344977
2012-12-09T04:05:55.695+00:00|893353203318|37383395344977
2012-12-09T04:05:55.695+00:00|1099511635567|37383395344977
2012-12-09T04:05:55.695+00:00|893353205360|37383395344977
2012-12-09T04:05:55.695+00:00|274877914737|37383395344977
2012-12-09T04:05:55.695+00:00|893353205364|37383395344977
2012-12-09T04:05:55.695+00:00|618475298421|37383395344977
2012-12-09T04:05:55.695+00:00|549755821687|37383395344977
2012-12-09T04:05:55.695+00:00|824633728632|37383395344977
2012-12-09T04:05:55.695+00:00|1168231112313|37383395344977
2012-12-09T04:05:55.695+00:00|343597391482|37383395344977
2012-12-09T04:05:55.695+00:00|274877914747|37383395344977
2012-12-09T04:05:55.695+00:00|343597391484|37383395344977
2012-12-09T04:05:55.695+00:00|1099511635581|37383395344977
2012-12-09T04:05:55.695+00:00|1099511635582|37383395344977
2012-12-09T04:05:55.695+00:00|1030792158847|37383395344977
2012-12-09T04:05:55.695+00:00|962072682113|37383395344977
2012-12-09T04:05:55.695+00:00|343597391490|37383395344977
2012-12-09T04:05:55.695+00:00|824633728643|37383395344977
2012-12-09T04:05:55.695+00:00|274877914756|37383395344977
2012-12-09T04:05:55.695+00:00|549755821701|37383395344977
2012-12-09T04:05:55.695+00:00|274877914758|37383395344977
2012-12-09T04:05:55.695+00:00|412316869349|37383395344977
2012-12-09T04:05:55.695+00:00|1168231113446|37383395344977
2012-12-09T04:05:55.695+00:00|618475299559|37383395344977
2012-12-09T04:05:55.695+00:00|549755822824|37383395344977
2012-12-09T04:05:55.695+00:00|549755822827|37383395344977
2012-12-09T04:05:55.695+00:00|481036346092|37383395344977
2012-12-09T04:05:55.695+00:00|1168231113453|37383395344977
2012-12-09T04:05:55.695+00:00|618475299566|37383395344977
2012-12-09T04:05:55.695+00:00|962072683247|37383395344977
2012-12-09T04:05:55.695+00:00|893353206512|37383395344977
2012-12-09T04:05:55.695+00:00|1099511636721|37383395344977
2012-12-09T04:05:55.695+00:00|412316869362|37383395344977
2012-12-09T04:05:55.695+00:00|824633729780|37383395344977
2012-12-09T04:05:55.695+00:00|755914253045|37383395344977
2012-12-09T04:05:55.695+00:00|893353206518|37383395344977
2012-12-09T04:05:55.695+00:00|618475299575|37383395344977
2012-12-09T04:05:55.695+00:00|549755822840|37383395344977
2012-12-09T04:05:55.695+00:00|412316869369|37383395344977
2012-12-09T04:05:55.695+00:00|481036346106|37383395344977
2012-12-09T04:05:55.695+00:00|618475299859|37383395344977
2012-12-09T04:05:55.695+00:00|824633730069|37383395344977
2012-12-09T04:05:55.695+00:00|481036346391|37383395344977
2012-12-09T04:05:55.695+00:00|962072683544|37383395344977
2012-12-09T04:05:55.695+00:00|824633730073|37383395344977
2012-12-09T04:05:55.695+00:00|824633730074|37383395344977
2012-12-09T04:05:55.695+00:00|549755823131|37383395344977
2012-12-09T04:05:55.695+00:00|618475299869|37383395344977
2012-12-09T04:05:55.695+00:00|618475299871|37383395344977
2012-12-09T04:05:55.695+00:00|755914253345|37383395344977
2012-12-09T04:05:55.695+00:00|893353206819|37383395344977
2012-12-09T04:05:55.695+00:00|481036346404|37383395344977
2012-12-09T04:05:55.695+00:00|481036346405|37383395344977
2012-12-09T04:05:55.695+00:00|481036346406|37383395344977
2012-12-09T04:05:55.695+00:00|687194777335|37383395344977
2012-12-09T04:05:55.695+00:00|412316870392|37383395344977
2012-12-09T04:05:55.695+00:00|618475300601|37383395344977
2012-12-09T04:05:55.695+00:00|687194777338|37383395344977
2012-12-09T04:05:55.695+00:00|962072684283|37383395344977
2012-12-09T04:05:55.695+00:00|824633730812|37383395344977
2012-12-09T04:05:55.695+00:00|1099511637757|37383395344977
2012-12-09T04:05:55.695+00:00|962072684286|37383395344977
2012-12-09T04:05:55.695+00:00|893353207553|37383395344977
2012-12-09T04:05:55.695+00:00|893353207554|37383395344977
2012-12-09T04:05:55.695+00:00|962072684291|37383395344977
2012-12-09T04:05:55.695+00:00|755914254086|37383395344977
2012-12-09T04:05:55.695+00:00|412316870407|37383395344977
2012-12-09T04:05:55.695+00:00|893353207560|37383395344977
2012-12-09T04:05:55.695+00:00|549755823881|37383395344977
2012-12-09T04:05:55.695+00:00|618475300620|37383395344977
2012-12-09T04:05:55.695+00:00|1168231114510|37383395344977
2012-12-09T04:05:55.695+00:00|893353207689|37383395344977
2012-12-09T04:05:55.695+00:00|893353207690|37383395344977
2012-12-09T04:05:55.695+00:00|1030792161164|37383395344977
2012-12-09T04:05:55.695+00:00|893353207693|37383395344977
2012-12-09T04:05:55.695+00:00|755914254222|37383395344977
2012-12-09T04:05:55.695+00:00|481036347279|37383395344977
2012-12-09T04:05:55.695+00:00|687194777488|37383395344977
2012-12-09T04:05:55.695+00:00|1168231114641|37383395344977
2012-12-09T04:05:55.695+00:00|755914254228|37383395344977
2012-12-09T04:05:55.695+00:00|1099511637910|37383395344977
2012-12-09T04:05:55.695+00:00|824633730968|37383395344977
2012-12-09T04:05:55.695+00:00|962072684441|37383395344977
2012-12-09T04:05:55.695+00:00|481036347291|37383395344977
2012-12-09T04:05:55.695+00:00|962072684444|37383395344977
2012-12-09T04:05:55.695+00:00|824633730974|37383395344977
2012-12-09T04:05:55.695+00:00|549755824325|37383395344977
2012-12-09T04:05:55.695+00:00|824633731270|37383395344977
2012-12-09T04:05:55.695+00:00|549755824328|37383395344977
2012-12-09T04:05:55.695+00:00|549755824330|37383395344977
2012-12-09T04:05:55.695+00:00|755914254539|37383395344977
2012-12-09T04:05:55.695+00:00|824633731276|37383395344977
2012-12-09T04:05:55.695+00:00|1030792161485|37383395344977
2012-12-09T04:05:55.695+00:00|1099511638222|37383395344977
2012-12-09T04:05:55.695+00:00|755914254545|37383395344977
2012-12-09T04:05:55.695+00:00|1168231114963|37383395344977
2012-12-09T04:05:55.695+00:00|755914254548|37383395344977
2012-12-09T04:05:55.695+00:00|549755824341|37383395344977
2012-12-09T04:05:55.695+00:00|962072684758|37383395344977
2012-12-09T04:05:55.695+00:00|687194777815|37383395344977
2012-12-09T04:05:55.695+00:00|687194777817|37383395344977
2012-12-09T04:05:55.695+00:00|549755824692|37383395344977
2012-12-09T04:05:55.695+00:00|893353208375|37383395344977
2012-12-09T04:05:55.695+00:00|824633731641|37383395344977
2012-12-09T04:05:55.695+00:00|549755824698|37383395344977
2012-12-09T04:05:55.695+00:00|1099511638587|37383395344977
2012-12-09T04:05:55.695+00:00|755914254908|37383395344977
2012-12-09T04:05:55.695+00:00|824633731647|37383395344977
2012-12-09T04:05:55.695+00:00|962072685122|37383395344977
2012-12-09T04:05:55.695+00:00|962072685123|37383395344977
2012-12-09T04:05:55.695+00:00|1030792161862|37383395344977
2012-12-09T04:05:55.695+00:00|1030792161863|37383395344977
2012-12-09T04:05:55.695+00:00|1168231115452|37383395344977
2012-12-09T04:05:55.695+00:00|1099511638718|37383395344977
2012-12-09T04:05:55.695+00:00|687194778303|37383395344977
2012-12-09T04:05:55.695+00:00|549755824833|37383395344977
2012-12-09T04:05:55.695+00:00|1030792161986|37383395344977
2012-12-09T04:05:55.695+00:00|618475301571|37383395344977
2012-12-09T04:05:55.695+00:00|481036348101|37383395344977
2012-12-09T04:05:55.695+00:00|755914255046|37383395344977
2012-12-09T04:05:55.695+00:00|618475301575|37383395344977
2012-12-09T04:05:55.695+00:00|893353208520|37383395344977
2012-12-09T04:05:55.695+00:00|1030792161995|37383395344977
2012-12-09T04:05:55.695+00:00|618475301580|37383395344977
2012-12-09T04:05:55.695+00:00|1030792161997|37383395344977
2012-12-09T04:05:55.695+00:00|893353208526|37383395344977
2012-12-09T04:05:55.695+00:00|962072685263|37383395344977
2012-12-09T04:05:55.695+00:00|1030792162068|37383395344977
2012-12-09T04:05:55.695+00:00|1168231115543|37383395344977
2012-12-09T04:05:55.695+00:00|755914255128|37383395344977
2012-12-09T04:05:55.695+00:00|618475301658|37383395344977
2012-12-09T04:05:55.695+00:00|618475301660|37383395344977
2012-12-09T04:05:55.695+00:00|893353208606|37383395344977
2012-12-09T04:05:55.695+00:00|755914255135|37383395344977
2012-12-09T04:05:55.695+00:00|549755824928|37383395344977
2012-12-09T04:05:55.695+00:00|1099511638817|37383395344977
2012-12-09T04:05:55.695+00:00|687194778402|37383395344977
2012-12-09T04:05:55.695+00:00|618475301668|37383395344977
2012-12-09T04:05:55.695+00:00|893353208614|37383395344977
2012-12-09T04:05:55.695+00:00|962072685351|37383395344977
2012-12-09T04:05:55.695+00:00|1099511639340|37383395344977
2012-12-09T04:05:55.695+00:00|962072685870|37383395344977
2012-12-09T04:05:55.695+00:00|893353209135|37383395344977
2012-12-09T04:05:55.695+00:00|618475302192|37383395344977
2012-12-09T04:05:55.695+00:00|1030792162611|37383395344977
2012-12-09T04:05:55.695+00:00|618475302197|37383395344977
2012-12-09T04:05:55.695+00:00|824633732408|37383395344977
2012-12-09T04:05:55.695+00:00|824633732409|37383395344977
2012-12-09T04:05:55.695+00:00|1099511639354|37383395344977
2012-12-09T04:05:55.695+00:00|755914255675|37383395344977
2012-12-09T04:05:55.695+00:00|755914255676|37383395344977
2012-12-09T04:05:55.695+00:00|618475302205|37383395344977
2012-12-09T04:05:55.695+00:00|962072686263|37383395344977
2012-12-09T04:05:55.695+00:00|755914256057|37383395344977
2012-12-09T04:05:55.695+00:00|687194779322|37383395344977
2012-12-09T04:05:55.695+00:00|755914256060|37383395344977
2012-12-09T04:05:55.695+00:00|687194779326|37383395344977
2012-12-09T04:05:55.695+00:00|618475302594|37383395344977
2012-12-09T04:05:55.695+00:00|1030792163013|37383395344977
2012-12-09T04:05:55.695+00:00|824633732808|37383395344977
2012-12-09T04:05:55.695+00:00|618475302837|37383395344977
2012-12-09T04:05:55.695+00:00|962072686518|37383395344977
2012-12-09T04:05:55.695+00:00|893353209783|37383395344977
2012-12-09T04:05:55.695+00:00|962072686522|37383395344977
2012-12-09T04:05:55.695+00:00|1099511639995|37383395344977
2012-12-09T04:05:55.695+00:00|1030792163262|37383395344977
2012-12-09T04:05:55.695+00:00|687194779583|37383395344977
2012-12-09T04:05:55.695+00:00|824633733059|37383395344977
2012-12-09T04:05:55.695+00:00|962072686532|37383395344977
2012-12-09T04:05:55.695+00:00|893353209797|37383395344977
2012-12-09T04:05:55.695+00:00|1168231116742|37383395344977
2012-12-09T04:05:55.695+00:00|893353209867|37383395344977
2012-12-09T04:05:55.695+00:00|1030792163341|37383395344977
2012-12-09T04:05:55.695+00:00|962072686606|37383395344977
2012-12-09T04:05:55.695+00:00|1099511640080|37383395344977
2012-12-09T04:05:55.695+00:00|618475302930|37383395344977
2012-12-09T04:05:55.695+00:00|1168231116820|37383395344977
2012-12-09T04:05:55.695+00:00|618475302933|37383395344977
2012-12-09T04:05:55.695+00:00|1099511640086|37383395344977
2012-12-09T04:05:55.695+00:00|755914256407|37383395344977
2012-12-09T04:05:55.695+00:00|687194779673|37383395344977
2012-12-09T04:05:55.695+00:00|962072686718|37383395344977
2012-12-09T04:05:55.695+00:00|1168231116928|37383395344977
2012-12-09T04:05:55.695+00:00|962072686722|37383395344977
2012-12-09T04:05:55.695+00:00|1099511640199|37383395344977
2012-12-09T04:05:55.695+00:00|1030792163464|37383395344977
2012-12-09T04:05:55.695+00:00|824633733257|37383395344977
2012-12-09T04:05:55.695+00:00|755914256522|37383395344977
2012-12-09T04:05:55.695+00:00|824633733259|37383395344977
2012-12-09T04:05:55.695+00:00|1099511640204|37383395344977
2012-12-09T04:05:55.695+00:00|1099511640459|37383395344977
2012-12-09T04:05:55.695+00:00|1099511640461|37383395344977
2012-12-09T04:05:55.695+00:00|962072686991|37383395344977
2012-12-09T04:05:55.695+00:00|687194780048|37383395344977
2012-12-09T04:05:55.695+00:00|755914256785|37383395344977
2012-12-09T04:05:55.695+00:00|893353210258|37383395344977
2012-12-09T04:05:55.695+00:00|755914256787|37383395344977
2012-12-09T04:05:55.695+00:00|893353210260|37383395344977
2012-12-09T04:05:55.695+00:00|1030792163734|37383395344977
2012-12-09T04:05:55.695+00:00|1030792163736|37383395344977
2012-12-09T04:05:55.695+00:00|1099511640475|37383395344977
2012-12-09T04:05:55.695+00:00|962072687149|37383395344977
2012-12-09T04:05:55.695+00:00|893353210414|37383395344977
2012-12-09T04:05:55.695+00:00|893353210415|37383395344977
2012-12-09T04:05:55.695+00:00|893353210416|37383395344977
2012-12-09T04:05:55.695+00:00|618475303474|37383395344977
2012-12-09T04:05:55.695+00:00|1099511640627|37383395344977
2012-12-09T04:05:55.695+00:00|687194780214|37383395344977
2012-12-09T04:05:55.695+00:00|1099511640631|37383395344977
2012-12-09T04:05:55.695+00:00|1099511640633|37383395344977
2012-12-09T04:05:55.695+00:00|687194780218|37383395344977
2012-12-09T04:05:55.695+00:00|755914256955|37383395344977
2012-12-09T04:05:55.695+00:00|962072687164|37383395344977
2012-12-09T04:05:55.695+00:00|893353210429|37383395344977
2012-12-09T04:05:55.695+00:00|962072687578|37383395344977
2012-12-09T04:05:55.695+00:00|824633734108|37383395344977
2012-12-09T04:05:55.695+00:00|962072687583|37383395344977
2012-12-09T04:05:55.695+00:00|687194780640|37383395344977
2012-12-09T04:05:55.695+00:00|1168231117793|37383395344977
2012-12-09T04:05:55.695+00:00|1030792164322|37383395344977
2012-12-09T04:05:55.695+00:00|1099511641061|37383395344977
2012-12-09T04:05:55.695+00:00|962072687590|37383395344977
2012-12-09T04:05:55.695+00:00|1168231117800|37383395344977
2012-12-09T04:05:55.695+00:00|962072687593|37383395344977
2012-12-09T04:05:55.695+00:00|962072687677|37383395344977
2012-12-09T04:05:55.695+00:00|1168231117886|37383395344977
2012-12-09T04:05:55.695+00:00|962072687679|37383395344977
2012-12-09T04:05:55.695+00:00|1099511641153|37383395344977
2012-12-09T04:05:55.695+00:00|755914257475|37383395344977
2012-12-09T04:05:55.695+00:00|893353210950|37383395344977
2012-12-09T04:05:55.695+00:00|824633734216|37383395344977
2012-12-09T04:05:55.695+00:00|824633734217|37383395344977
2012-12-09T04:05:55.695+00:00|1030792164426|37383395344977
2012-12-09T04:05:55.695+00:00|755914257628|37383395344977
2012-12-09T04:05:55.695+00:00|1099511641309|37383395344977
2012-12-09T04:05:55.695+00:00|755914257631|37383395344977
2012-12-09T04:05:55.695+00:00|893353211104|37383395344977
2012-12-09T04:05:55.695+00:00|1099511641313|37383395344977
2012-12-09T04:05:55.695+00:00|755914257635|37383395344977
2012-12-09T04:05:55.695+00:00|962072687844|37383395344977
2012-12-09T04:05:55.695+00:00|824633734373|37383395344977
2012-12-09T04:05:55.695+00:00|962072687846|37383395344977
2012-12-09T04:05:55.695+00:00|893353211112|37383395344977
2012-12-09T04:05:55.695+00:00|1168231118057|37383395344977
2012-12-09T04:05:55.695+00:00|1168231118059|37383395344977
2012-12-09T04:05:55.695+00:00|755914257775|37383395344977
2012-12-09T04:05:55.695+00:00|893353211248|37383395344977
2012-12-09T04:05:55.695+00:00|1168231118196|37383395344977
2012-12-09T04:05:55.695+00:00|893353211254|37383395344977
2012-12-09T04:05:55.695+00:00|1168231118199|37383395344977
2012-12-09T04:05:55.695+00:00|893353211256|37383395344977
2012-12-09T04:05:55.695+00:00|755914257786|37383395344977
2012-12-09T04:05:55.695+00:00|893353211259|37383395344977
2012-12-09T04:05:55.695+00:00|755914257907|37383395344977
2012-12-09T04:05:55.695+00:00|687194781172|37383395344977
2012-12-09T04:05:55.695+00:00|687194781173|37383395344977
2012-12-09T04:05:55.695+00:00|824633734646|37383395344977
2012-12-09T04:05:55.695+00:00|962072688119|37383395344977
2012-12-09T04:05:55.695+00:00|893353211384|37383395344977
2012-12-09T04:05:55.695+00:00|962072688122|37383395344977
2012-12-09T04:05:55.695+00:00|755914257915|37383395344977
2012-12-09T04:05:55.695+00:00|962072688124|37383395344977
2012-12-09T04:05:55.695+00:00|962072688126|37383395344977
2012-12-09T04:05:55.695+00:00|962072688128|37383395344977
2012-12-09T04:05:55.695+00:00|755914257922|37383395344977
2012-12-09T04:05:55.695+00:00|1099511642056|37383395344977
2012-12-09T04:05:55.695+00:00|893353211849|37383395344977
2012-12-09T04:05:55.695+00:00|893353211852|37383395344977
2012-12-09T04:05:55.695+00:00|962072688590|37383395344977
2012-12-09T04:05:55.695+00:00|1099511642063|37383395344977
2012-12-09T04:05:55.695+00:00|1030792165330|37383395344977
2012-12-09T04:05:55.695+00:00|824633735123|37383395344977
2012-12-09T04:05:55.695+00:00|755914258388|37383395344977
2012-12-09T04:05:55.695+00:00|893353212047|37383395344977
2012-12-09T04:05:55.695+00:00|824633735313|37383395344977
2012-12-09T04:05:55.695+00:00|893353212053|37383395344977
2012-12-09T04:05:55.695+00:00|893353212055|37383395344977
2012-12-09T04:05:55.695+00:00|1030792165528|37383395344977
2012-12-09T04:05:55.695+00:00|824633735723|37383395344977
2012-12-09T04:05:55.695+00:00|893353212460|37383395344977
2012-12-09T04:05:55.695+00:00|893353212461|37383395344977
2012-12-09T04:05:55.695+00:00|1099511642671|37383395344977
2012-12-09T04:05:55.695+00:00|824633735729|37383395344977
2012-12-09T04:05:55.695+00:00|824633735730|37383395344977
2012-12-09T04:05:55.695+00:00|824633735732|37383395344977
2012-12-09T04:05:55.695+00:00|1030792165941|37383395344977
2012-12-09T04:05:55.695+00:00|1030792166317|37383395344977
2012-12-09T04:05:55.695+00:00|1030792166318|37383395344977
2012-12-09T04:05:55.695+00:00|1099511643055|37383395344977
2012-12-09T04:05:55.695+00:00|1168231119794|37383395344977
2012-12-09T04:05:55.695+00:00|962072689588|37383395344977
2012-12-09T04:05:55.695+00:00|1099511643902|37383395344977
2012-12-09T04:05:55.695+00:00|1099511643903|37383395344977
2012-12-09T04:05:55.695+00:00|1099511643904|37383395344977
2012-12-09T04:05:55.695+00:00|1099511643905|37383395344977
2012-12-09T04:05:55.695+00:00|1168231120642|37383395344977
2012-12-09T04:05:55.695+00:00|1099511644235|37383395344977
2012-12-09T04:05:55.695+00:00|1099511644236|37383395344977
2012-12-09T04:05:55.695+00:00|1168231121069|37383395344977
2012-12-09T04:06:45.303+00:00|1168231120114|529
2012-12-09T04:06:45.303+00:00|1168231120114|910
2012-12-09T04:06:45.303+00:00|1168231120114|1180
2012-12-09T04:06:45.303+00:00|1168231120114|1223
2012-12-09T04:06:45.303+00:00|1168231120114|2199023256031
2012-12-09T04:06:45.303+00:00|1168231120114|2199023256446
2012-12-09T04:06:45.303+00:00|1168231120114|2199023256503
2012-12-09T04:06:45.303+00:00|1168231120114|4398046511568
2012-12-09T04:06:45.303+00:00|1168231120114|4398046511926
2012-12-09T04:06:45.303+00:00|1168231120114|4398046512269
2012-12-09T04:06:45.303+00:00|1168231120114|4398046512388
2012-12-09T04:06:45.303+00:00|1168231120114|4398046512445
2012-12-09T04:06:45.303+00:00|1168231120114|4398046512770
2012-12-09T04:06:45.303+00:00|1168231120114|4398046512803
2012-12-09T04:06:45.303+00:00|1168231120114|6597069767011
2012-12-09T04:06:45.303+00:00|1168231120114|6597069767216
2012-12-09T04:06:45.303+00:00|1168231120114|6597069767337
2012-12-09T04:06:45.303+00:00|1168231120114|6597069767446
2012-12-09T04:06:45.303+00:00|1168231120114|8796093022501
2012-12-09T04:06:45.303+00:00|1168231120114|8796093022572
2012-12-09T04:06:45.303+00:00|1168231120114|8796093022697
2012-12-09T04:06:45.303+00:00|1168231120114|8796093023070
2012-12-09T04:06:45.303+00:00|1168231120114|8796093023289
2012-12-09T04:06:45.303+00:00|1168231120114|8796093023876
2012-12-09T04:06:45.303+00:00|1168231120114|10995116278132
2012-12-09T04:06:45.303+00:00|1168231120114|10995116278274
2012-12-09T04:06:45.303+00:00|1168231120114|10995116278434
2012-12-09T04:06:45.303+00:00|1168231120114|10995116279182
2012-12-09T04:06:45.303+00:00|1168231120114|13194139533743
2012-12-09T04:06:45.303+00:00|1168231120114|13194139534671
2012-12-09T04:06:45.303+00:00|1168231120114|13194139534699
2012-12-09T04:06:45.303+00:00|1168231120114|15393162789008
2012-12-09T04:06:45.303+00:00|1168231120114|15393162789023
2012-12-09T04:06:45.303+00:00|1168231120114|15393162789466
2012-12-09T04:06:45.303+00:00|1168231120114|15393162789811
2012-12-09T04:06:45.303+00:00|1168231120114|15393162790355
2012-12-09T04:06:45.303+00:00|1168231120114|17592186044534
2012-12-09T04:06:45.303+00:00|1168231120114|17592186044648
2012-12-09T04:06:45.303+00:00|1168231120114|17592186044744
2012-12-09T04:06:45.303+00:00|1168231120114|17592186044798
2012-12-09T04:06:45.303+00:00|1168231120114|17592186045041
2012-12-09T04:06:45.303+00:00|1168231120114|17592186045670
2012-12-09T04:06:45.303+00:00|1168231120114|19791209300172
2012-12-09T04:06:45.303+00:00|1168231120114|19791209300227
2012-12-09T04:06:45.303+00:00|1168231120114|19791209300453
2012-12-09T04:06:45.303+00:00|1168231120114|19791209300502
2012-12-09T04:06:45.303+00:00|1168231120114|19791209301084
2012-12-09T04:06:45.303+00:00|1168231120114|21990232555781
2012-12-09T04:06:45.303+00:00|1168231120114|21990232556241
2012-12-09T04:06:45.303+00:00|1168231120114|21990232556251
2012-12-09T04:06:45.303+00:00|1168231120114|21990232556367
2012-12-09T04:06:45.303+00:00|1168231120114|21990232556792
2012-12-09T04:06:45.303+00:00|1168231120114|21990232557019
2012-12-09T04:06:45.303+00:00|1168231120114|24189255811719
2012-12-09T04:06:45.303+00:00|1168231120114|24189255811917
2012-12-09T04:06:45.303+00:00|1168231120114|24189255811971
2012-12-09T04:06:45.303+00:00|1168231120114|24189255812554
2012-12-09T04:06:45.303+00:00|1168231120114|26388279067204
2012-12-09T04:06:45.303+00:00|1168231120114|26388279067496
2012-12-09T04:06:45.303+00:00|1168231120114|26388279067850
2012-12-09T04:06:45.303+00:00|1168231120114|26388279067997
2012-12-09T04:06:45.303+00:00|1168231120114|28587302322491
2012-12-09T04:06:45.303+00:00|1168231120114|28587302322713
2012-12-09T04:06:45.303+00:00|1168231120114|30786325577990
2012-12-09T04:06:45.303+00:00|1168231120114|30786325578253
2012-12-09T04:06:45.303+00:00|1168231120114|32985348833375
2012-12-09T04:06:45.303+00:00|1168231120114|32985348834214
2012-12-09T04:06:45.303+00:00|1168231120114|35184372088985
2012-12-09T04:06:45.303+00:00|1168231120114|35184372089257
2012-12-09T04:06:45.303+00:00|1168231120114|35184372089362
2012-12-09T04:06:45.303+00:00|1168231120114|35184372089878
2012-12-09T04:06:45.303+00:00|1168231120114|35184372089895
2012-12-09T04:06:45.303+00:00|1168231120114|35184372089936
2012-12-09T04:06:45.303+00:00|1168231120114|35184372090502
2012-12-09T04:06:45.303+00:00|1168231120114|37383395344486
2012-12-09T04:06:45.303+00:00|1168231120114|37383395344931
2012-12-09T04:08:54.801+00:00|1168231120548|2199023257212
2012-12-09T04:08:54.801+00:00|1168231120548|4398046512388
2012-12-09T04:08:54.801+00:00|1168231120548|4398046512803
2012-12-09T04:08:54.801+00:00|1168231120548|6597069767115
2012-12-09T04:08:54.801+00:00|1168231120548|6597069767996
2012-12-09T04:08:54.801+00:00|1168231120548|8796093023077
2012-12-09T04:08:54.801+00:00|1168231120548|13194139533818
2012-12-09T04:08:54.801+00:00|1168231120548|15393162790123
2012-12-09T04:08:54.801+00:00|1168231120548|19791209300812
2012-12-09T04:08:54.801+00:00|1168231120548|21990232555781
2012-12-09T04:08:54.801+00:00|1168231120548|21990232556130
2012-12-09T04:08:54.801+00:00|1168231120548|21990232556466
2012-12-09T04:08:54.801+00:00|1168231120548|24189255812167
2012-12-09T04:08:54.801+00:00|1168231120548|26388279066641
2012-12-09T04:08:54.801+00:00|1168231120548|26388279067210
2012-12-09T04:08:54.801+00:00|1168231120548|30786325577988
2012-12-09T04:08:54.801+00:00|1168231120548|32985348833598
2012-12-09T04:08:54.801+00:00|1168231120548|32985348834814
2012-12-09T04:09:49.892+00:00|1168231117375|21990232556623
2012-12-09T04:12:54.627+00:00|755914258375|37383395344977
2012-12-09T04:12:54.627+00:00|1168231121236|24189255811905
2012-12-09T04:14:25.666+00:00|1168231120937|16
2012-12-09T04:24:13.982+00:00|274877914255|19791209301288
2012-12-09T04:24:13.982+00:00|618475303413|8796093023077
2012-12-09T04:28:24.303+00:00|1030792166653|4398046511230
2012-12-09T04:31:27.989+00:00|412316869955|37383395346041
2012-12-09T04:31:27.989+00:00|1168231121321|13194139533931
2012-12-09T04:41:40.213+00:00|1030792151418|2199023257197
2012-12-09T04:42:41.057+00:00|1099511644364|19791209300508
2012-12-09T05:15:07.713+00:00|893353207796|37383395346041
2012-12-09T05:22:44.763+00:00|1168231121262|8796093023077
2012-12-09T05:22:44.763+00:00|1168231121262|28587302323557
2012-12-09T05:23:19.667+00:00|1099511643827|21990232557062
2012-12-09T05:36:44.954+00:00|343597392226|35184372089942
2012-12-09T05:36:44.954+00:00|1099511644361|10995116278421
2012-12-09T05:37:59.340+00:00|618475291000|17592186045890
2012-12-09T05:54:33.086+00:00|1168231121234|1270
2012-12-09T05:55:28.019+00:00|1168231113989|24189255811789
2012-12-09T06:02:44.833+00:00|68719480072|8796093023209
2012-12-09T06:02:44.833+00:00|274877914327|2199023257005
2012-12-09T06:05:50.294+00:00|343597392694|35184372089798
2012-12-09T06:05:50.294+00:00|1099511644348|10995116279201
2012-12-09T06:26:01.889+00:00|1566|26388279067210
2012-12-09T06:26:01.889+00:00|824633735771|1640
2012-12-09T06:26:56.816+00:00|893353209353|17592186044846
2012-12-09T06:42:50.372+00:00|893353211744|35184372090473
2012-12-09T06:46:58.201+00:00|1168231116325|13194139534663
2012-12-09T06:46:58.201+00:00|1168231116325|28587302323163
2012-12-09T06:46:58.201+00:00|1168231116325|32985348833353
2012-12-09T06:49:06.638+00:00|264|37383395344977
2012-12-09T06:49:06.638+00:00|1168231121236|448
2012-12-09T07:02:01.842+00:00|137438958545|10995116278578
2012-12-09T07:02:01.842+00:00|343597392283|4398046512405
2012-12-09T07:14:14.116+00:00|68719478830|13194139534460
2012-12-09T07:14:14.116+00:00|412316870277|2199023255862
2012-12-09T07:32:44.407+00:00|137438958216|30786325578612
2012-12-09T07:32:44.407+00:00|962072690319|4398046512269
2012-12-09T07:36:36.038+00:00|1030792158392|35184372089275
2012-12-09T07:48:41.689+00:00|343597387272|28587302322297
2012-12-09T07:55:11.146+00:00|274877913677|35184372090040
2012-12-09T07:55:11.146+00:00|1099511644370|8796093022260
2012-12-09T07:57:20.093+00:00|1168231105732|705
2012-12-09T07:57:20.093+00:00|1168231105732|910
2012-12-09T07:57:20.093+00:00|1168231105732|2199023255790
2012-12-09T07:57:20.093+00:00|1168231105732|2199023255994
2012-12-09T07:57:20.093+00:00|1168231105732|2199023256446
2012-12-09T07:57:20.093+00:00|1168231105732|2199023256657
2012-12-09T07:57:20.093+00:00|1168231105732|4398046512388
2012-12-09T07:57:20.093+00:00|1168231105732|4398046512392
2012-12-09T07:57:20.093+00:00|1168231105732|4398046512585
2012-12-09T07:57:20.093+00:00|1168231105732|6597069767337
2012-12-09T07:57:20.093+00:00|1168231105732|6597069767638
2012-12-09T07:57:20.093+00:00|1168231105732|6597069768067
2012-12-09T07:57:20.093+00:00|1168231105732|8796093022501
2012-12-09T07:57:20.093+00:00|1168231105732|8796093023077
2012-12-09T07:57:20.093+00:00|1168231105732|8796093023143
2012-12-09T07:57:20.093+00:00|1168231105732|8796093023518
2012-12-09T07:57:20.093+00:00|1168231105732|10995116277916
2012-12-09T07:57:20.093+00:00|1168231105732|10995116278271
2012-12-09T07:57:20.093+00:00|1168231105732|10995116279024
2012-12-09T07:57:20.093+00:00|1168231105732|13194139533467
2012-12-09T07:57:20.093+00:00|1168231105732|13194139534651
2012-12-09T07:57:20.093+00:00|1168231105732|15393162789912
2012-12-09T07:57:20.093+00:00|1168231105732|17592186044744
2012-12-09T07:57:20.093+00:00|1168231105732|17592186045211
2012-12-09T07:57:20.093+00:00|1168231105732|19791209299987
2012-12-09T07:57:20.093+00:00|1168231105732|19791209300227
2012-12-09T07:57:20.093+00:00|1168231105732|24189255812158
2012-12-09T07:57:20.093+00:00|1168231105732|24189255812167
2012-12-09T07:57:20.093+00:00|1168231105732|28587302322767
2012-12-09T07:57:20.093+00:00|1168231105732|30786325578528
2012-12-09T07:57:20.093+00:00|1168231105732|30786325578612
2012-12-09T07:57:20.093+00:00|1168231105732|32985348833492
2012-12-09T07:57:20.093+00:00|1168231105732|32985348833576
2012-12-09T07:57:20.093+00:00|1168231105732|32985348834257
2012-12-09T07:57:20.093+00:00|1168231105732|35184372090040
2012-12-09T07:57:20.093+00:00|1168231105732|37383395344486
2012-12-09T08:24:50.696+00:00|1099511644062|21990232556030
2012-12-09T08:47:19.566+00:00|893353207796|699
2012-12-09T09:05:51.047+00:00|1168231121101|24189255812009
2012-12-09T09:09:25.457+00:00|822|4398046511938
2012-12-09T09:09:25.457+00:00|137438957757|910
2012-12-09T09:09:53.039+00:00|687194777325|37383395344428
2012-12-09T09:10:58.725+00:00|755914258572|35184372089039
2012-12-09T09:10:58.725+00:00|1099511644274|24189255812167
2012-12-09T09:19:09.177+00:00|618475303266|24189255812512
2012-12-09T09:19:09.177+00:00|755914258727|19791209300650
2012-12-09T09:25:44.773+00:00|1168231119805|4398046512405
2012-12-09T09:25:44.773+00:00|1168231119805|17592186045284
2012-12-09T09:25:44.773+00:00|1168231119805|21990232556466
2012-12-09T09:25:44.773+00:00|1168231119805|30786325578736
2012-12-09T09:27:11.110+00:00|137438958512|37383395344486
2012-12-09T09:27:11.110+00:00|1168231121201|4398046512392
2012-12-09T09:30:44.917+00:00|481036348495|35184372090502
2012-12-09T09:30:44.917+00:00|1099511644447|15393162790355
2012-12-09T09:36:57.987+00:00|1168231113989|26388279066936
2012-12-09T09:43:18.139+00:00|962072690369|37383395345531
2012-12-09T09:43:18.139+00:00|1168231121280|30786325578859
2012-12-09T09:50:20.654+00:00|1168231112451|24189255811799
2012-12-09T09:58:49.584+00:00|893353212973|37383395344771
2012-12-09T09:58:49.584+00:00|1168231121218|28587302322534
2012-12-09T10:02:50.931+00:00|1168231120315|1204
2012-12-09T10:02:50.931+00:00|1168231120315|6597069767484
2012-12-09T10:02:50.931+00:00|1168231120315|28587302322210
2012-12-09T10:14:30.210+00:00|687194781204|30786325577990
2012-12-09T10:14:30.210+00:00|962072690141|21990232557028
2012-12-09T10:16:16.024+00:00|549755825140|35184372090424
2012-12-09T10:17:05.269+00:00|1099511643400|32985348833375
2012-12-09T10:17:43.820+00:00|274877914618|15393162790214
2012-12-09T10:17:43.820+00:00|481036348359|8796093023537
2012-12-09T10:18:08.980+00:00|1168231120093|10995116278132
2012-12-09T10:18:08.980+00:00|1168231120093|17592186045071
2012-12-09T10:18:08.980+00:00|1168231120093|24189255812512
2012-12-09T10:18:08.980+00:00|1168231120093|26388279067202
2012-12-09T10:18:08.980+00:00|1168231120093|28587302322491
2012-12-09T10:26:15.681+00:00|893353211744|17592186044574
2012-12-09T10:30:16.639+00:00|755914258201|35184372090464
2012-12-09T10:30:16.639+00:00|1099511644431|24189255811433
2012-12-09T10:30:26.421+00:00|1099511641502|13194139534951
2012-12-09T10:31:17.876+00:00|1168231120902|8796093023077
2012-12-09T10:31:17.876+00:00|1168231120902|8796093023371
2012-12-09T10:31:17.876+00:00|1168231120902|17592186044609
2012-12-09T10:31:17.876+00:00|1168231120902|17592186045577
2012-12-09T10:31:17.876+00:00|1168231120902|24189255812167
2012-12-09T10:31:17.876+00:00|1168231120902|28587302323752
2012-12-09T10:31:17.876+00:00|1168231120902|32985348833485
2012-12-09T10:31:17.876+00:00|1168231120902|32985348834072
2012-12-09T10:31:17.876+00:00|1168231120902|32985348834242
2012-12-09T10:31:17.876+00:00|1168231120902|35184372089942
2012-12-09T10:31:17.876+00:00|1168231120902|35184372090391
2012-12-09T10:31:17.876+00:00|1168231120902|37383395345709
2012-12-09T10:31:17.876+00:00|1168231120902|37383395345882
2012-12-09T10:41:26.892+00:00|687194776457|4398046511290
2012-12-09T11:25:15.117+00:00|1168231120790|4398046511661
2012-12-09T11:25:15.117+00:00|1168231120790|4398046512405
2012-12-09T11:25:15.117+00:00|1168231120790|10995116277851
2012-12-09T11:25:15.117+00:00|1168231120790|17592186044574
2012-12-09T11:25:15.117+00:00|1168231120790|21990232556083
2012-12-09T11:25:15.117+00:00|1168231120790|21990232556130
2012-12-09T11:25:15.117+00:00|1168231120790|30786325578931
2012-12-09T11:25:15.117+00:00|1168231120790|35184372089100
2012-12-09T11:31:39.727+00:00|1099511635684|8796093022904
2012-12-09T11:41:02.909+00:00|636|28587302323659
2012-12-09T11:41:02.909+00:00|893353213314|786
2012-12-09T11:47:24.888+00:00|618475303431|37383395344590
2012-12-09T11:47:24.888+00:00|1168231121208|19791209301317
2012-12-09T11:55:31.005+00:00|618475303090|35184372088985
2012-12-09T11:55:31.005+00:00|1099511644270|19791209300191
2012-12-09T11:55:59.871+00:00|274877914973|37383395345556
2012-12-09T11:55:59.871+00:00|1168231121287|8796093023895
2012-12-09T12:01:38.613+00:00|343597392635|37383395345880
2012-12-09T12:01:38.613+00:00|1168231121308|10995116279024
2012-12-09T12:05:55.289+00:00|481036348091|37383395344977
2012-12-09T12:05:55.289+00:00|1168231121236|15393162789824
2012-12-09T12:14:32.379+00:00|893353213169|35184372088972
2012-12-09T12:14:32.379+00:00|1099511644268|28587302323163
2012-12-09T12:18:03.407+00:00|1099511644392|15393162789023
2012-12-09T12:23:44.530+00:00|1168231113989|26388279066734
2012-12-09T12:27:56.396+00:00|1168231112451|6597069767700
2012-12-09T12:32:12.287+00:00|1168231111482|2199023256981
2012-12-09T12:36:58.724+00:00|1168231106084|910
2012-12-09T12:36:58.724+00:00|1168231106084|8796093023077
2012-12-09T12:36:58.724+00:00|1168231106084|10995116278182
2012-12-09T12:36:58.724+00:00|1168231106084|28587302322767
2012-12-09T12:36:58.724+00:00|1168231106084|28587302323389
2012-12-09T12:36:58.724+00:00|1168231106084|35184372089722
2012-12-09T12:40:21.043+00:00|1168231112451|35184372089370
2012-12-09T12:58:10.095+00:00|343597391095|37383395345239
2012-12-09T13:10:57.578+00:00|1168231112858|4398046512405
2012-12-09T13:10:57.578+00:00|1168231112858|8796093023077
2012-12-09T13:10:57.578+00:00|1168231112858|21990232556610
2012-12-09T13:10:57.578+00:00|1168231112858|26388279067202
2012-12-09T13:10:57.578+00:00|1168231112858|28587302323659
2012-12-09T13:12:47.238+00:00|137438958713|10995116279339
2012-12-09T13:12:47.238+00:00|343597392805|4398046512629
2012-12-09T13:16:05.178+00:00|343597392608|30786325578959
2012-12-09T13:16:05.178+00:00|962072690384|10995116278996
2012-12-09T13:26:32.651+00:00|1383|37383395344931
2012-12-09T13:26:32.651+00:00|1168231121230|1448
2012-12-09T13:33:51.422+00:00|893353213065|30786325578726
2012-12-09T13:33:51.422+00:00|962072690352|28587302322810
2012-12-09T13:41:24.834+00:00|1168231120453|910
2012-12-09T13:54:08.865+00:00|274877914255|28587302323071
2012-12-09T13:54:08.865+00:00|893353213138|8796093023077
2012-12-09T13:54:53.544+00:00|1099511628487|15393162789718
2012-12-09T13:57:38.533+00:00|1168231121074|773
2012-12-09T13:57:38.533+00:00|1168231121074|910
2012-12-09T14:03:43.540+00:00|412316867830|30786325577918
2012-12-09T14:05:08.269+00:00|1168231120828|13194139534730
2012-12-09T14:21:40.273+00:00|68719478796|37383395344998
2012-12-09T14:21:40.273+00:00|1168231121239|2199023255851
2012-12-09T14:23:04.010+00:00|1099511644062|32985348834006
2012-12-09T14:24:10.771+00:00|893353200792|6597069767044
2012-12-09T14:32:59.142+00:00|1168231106930|2199023256479
2012-12-09T14:32:59.142+00:00|1168231106930|4398046511661
2012-12-09T14:32:59.142+00:00|1168231106930|4398046512189
2012-12-09T14:32:59.142+00:00|1168231106930|6597069767080
2012-12-09T14:32:59.142+00:00|1168231106930|6597069767781
2012-12-09T14:32:59.142+00:00|1168231106930|8796093022948
2012-12-09T14:32:59.142+00:00|1168231106930|8796093023477
2012-12-09T14:32:59.142+00:00|1168231106930|10995116279272
2012-12-09T14:32:59.142+00:00|1168231106930|13194139534169
2012-12-09T14:32:59.142+00:00|1168231106930|24189255812167
2012-12-09T14:32:59.142+00:00|1168231106930|30786325578736
2012-12-09T14:32:59.142+00:00|1168231106930|32985348834574
2012-12-09T14:32:59.142+00:00|1168231106930|35184372089100
2012-12-09T14:32:59.142+00:00|1168231106930|37383395345531
2012-12-09T14:36:02.818+00:00|1168231114056|4398046512405
2012-12-09T14:38:07.637+00:00|137438958151|37383395345239
2012-12-09T14:38:07.637+00:00|1168231121259|4398046512238
2012-12-09T14:38:19.872+00:00|1168231121234|37383395344394
2012-12-09T14:39:39.456+00:00|375|32985348834072
2012-12-09T14:39:39.456+00:00|1030792167379|555
2012-12-09T14:42:17.430+00:00|412316870129|28587302323340
2012-12-09T14:42:17.430+00:00|893353213243|13194139534228
2012-12-09T14:47:57.961+00:00|343597392635|37383395344903
2012-12-09T14:47:57.961+00:00|1168231121228|10995116279024
2012-12-09T14:50:15.007+00:00|1099511643827|21990232556466
2012-12-09T14:55:31.190+00:00|893353207796|30786325578527
2012-12-09T14:56:15.427+00:00|1168231121266|37383395345709
2012-12-09T14:56:15.427+00:00|1168231121295|37383395345374
2012-12-09T14:59:37.448+00:00|1099511643827|35184372089378
2012-12-09T15:02:25.191+00:00|893353211744|6597069768352
2012-12-09T15:15:13.630+00:00|1168231121240|35184372089511
2012-12-09T15:20:47.820+00:00|1168231121194|6597069767381
2012-12-09T15:31:58.499+00:00|68719480176|35184372089722
2012-12-09T15:31:58.499+00:00|1099511644347|2199023257140
2012-12-09T15:42:03.278+00:00|412316868905|37383395345764
2012-12-09T16:12:55.744+00:00|1168231121094|910
2012-12-09T16:12:55.744+00:00|1168231121094|6597069768167
2012-12-09T16:12:55.744+00:00|1168231121094|15393162789655
2012-12-09T16:12:55.744+00:00|1168231121094|26388279066773
2012-12-09T16:12:55.744+00:00|1168231121094|28587302322767
2012-12-09T16:12:55.744+00:00|1168231121094|28587302323163
2012-12-09T16:18:10.306+00:00|274877914285|10995116278753
2012-12-09T16:18:10.306+00:00|343597392495|8796093023087
2012-12-09T16:29:20.941+00:00|343597391979|35184372089373
2012-12-09T16:29:20.941+00:00|1099511644320|10995116278132
2012-12-09T16:32:34.893+00:00|1013|32985348834886
2012-12-09T16:32:34.893+00:00|1030792167502|1204
2012-12-09T17:16:44.280+00:00|1168231114358|21990232557028
2012-12-09T17:16:44.280+00:00|1168231114358|30786325578905
2012-12-09T17:16:44.280+00:00|1168231114358|30786325578980
2012-12-09T17:16:44.280+00:00|1168231114358|32985348833485
2012-12-09T17:20:09.865+00:00|68719479033|26388279068275
2012-12-09T17:20:09.865+00:00|824633736092|2199023256031
2012-12-09T17:27:52.032+00:00|824633735771|37383395345374
2012-12-09T17:27:52.032+00:00|1168231121266|26388279067210
2012-12-09T17:57:27.678+00:00|343597391979|32985348833576
2012-12-09T17:57:27.678+00:00|1030792167288|10995116278132
2012-12-09T18:08:05.693+00:00|962072690207|30786325578929
2012-12-09T18:08:05.693+00:00|962072690373|30786325578202
2012-12-09T18:15:17.385+00:00|977|21990232556212
2012-12-09T18:15:17.385+00:00|687194780652|1180
2012-12-09T18:15:52.278+00:00|893353212875|35184372089265
2012-12-09T18:15:52.278+00:00|1099511644301|28587302322216
2012-12-09T18:27:07.105+00:00|618475303389|32985348834574
2012-12-09T18:27:07.105+00:00|1030792167467|19791209301186
2012-12-09T18:31:08.265+00:00|618475302942|35184372089100
2012-12-09T18:31:08.265+00:00|1099511644281|19791209299968
2012-12-09T18:34:36.584+00:00|206158433043|35184372089942
2012-12-09T18:54:56.787+00:00|687194780388|32985348834574
2012-12-09T18:54:56.787+00:00|1030792167467|21990232555781
2012-12-09T19:02:23.842+00:00|1168231107735|21990232556610
2012-12-09T19:16:35.916+00:00|750|26388279067781
2012-12-09T19:16:35.916+00:00|824633735967|859
2012-12-09T19:22:32.632+00:00|962072683992|2199023255797
2012-12-09T19:30:15.296+00:00|137438957987|24189255811081
2012-12-09T19:30:15.296+00:00|755914258069|4398046512162
2012-12-09T19:34:49.206+00:00|206158436599|24189255811081
2012-12-09T19:34:49.206+00:00|755914258069|6597069767781
2012-12-09T19:34:59.943+00:00|481036347654|28587302322196
2012-12-09T19:34:59.943+00:00|893353212864|15393162789178
2012-12-09T19:42:36.916+00:00|549755825532|37383395345260
2012-12-09T19:42:36.916+00:00|1168231121261|17592186044574
2012-12-09T19:49:07.398+00:00|549755825931|24189255811917
2012-12-09T19:49:07.398+00:00|755914258390|17592186045364
2012-12-09T19:56:04.948+00:00|618475293673|24189255812762
2012-12-09T20:07:10.626+00:00|481036339985|15393162789781
2012-12-09T20:12:19.128+00:00|893353212525|35184372090106
2012-12-09T20:18:17.051+00:00|274877909738|30786325579035
2012-12-09T20:20:52.762+00:00|1168231120829|26388279067773
2012-12-09T20:21:25.494+00:00|1099511644062|35184372090110
2012-12-09T20:29:08.300+00:00|1168231116794|2199023255851
2012-12-09T20:29:08.300+00:00|1168231116794|8796093023087
2012-12-09T20:29:08.300+00:00|1168231116794|19791209301531
2012-12-09T20:35:01.031+00:00|481036348338|17592186045707
2012-12-09T20:35:01.031+00:00|549755826039|15393162790123
2012-12-09T20:35:32.490+00:00|1168231121240|21990232556302
2012-12-09T20:40:04.412+00:00|1168231107308|15393162789655
2012-12-09T20:41:18.959+00:00|274877914293|37383395345948
2012-12-09T20:41:18.959+00:00|1168231121312|8796093023143
2012-12-09T20:42:16.510+00:00|618475303328|35184372090424
2012-12-09T20:42:16.510+00:00|1099511644428|19791209300828
2012-12-09T21:06:28.577+00:00|1168231120829|13194139533901
2012-12-09T21:09:48.598+00:00|1099511643400|786
2012-12-09T21:12:34.490+00:00|549755825951|26388279068185
2012-12-09T21:12:34.490+00:00|824633736046|17592186045408
2012-12-09T21:15:31.678+00:00|412316870331|35184372089511
2012-12-09T21:15:31.678+00:00|1099511644334|13194139534610
2012-12-09T21:16:41.218+00:00|1168231121101|6597069767182
2012-12-09T21:35:27.179+00:00|755914258069|28587302323389
2012-12-09T21:35:27.179+00:00|893353213257|24189255811081
2012-12-09T21:59:43.357+00:00|412316870416|28587302322920
2012-12-09T21:59:43.357+00:00|893353213125|13194139534730
2012-12-09T22:00:19.944+00:00|1168231121240|21990232556266
2012-12-09T22:04:12.305+00:00|618475303091|37383395344977
2012-12-09T22:04:12.305+00:00|1168231121236|19791209300223
2012-12-09T22:04:40.462+00:00|1099511643387|28587302322225
2012-12-09T22:05:51.817+00:00|1168231120829|2199023256031
2012-12-09T22:12:20.978+00:00|1168231121240|6597069766793
2012-12-09T22:28:24.111+00:00|755914257823|28587302322664
2012-12-09T22:33:39.478+00:00|822|35184372089909
2012-12-09T22:33:39.478+00:00|1099511644356|910
2012-12-09T22:44:23.338+00:00|1099511644392|37383395345709
2012-12-09T22:52:23.819+00:00|1168231112451|8796093023715
2012-12-09T23:00:53.085+00:00|274877914327|37383395346064
2012-12-09T23:00:53.085+00:00|1168231121323|8796093023209
2012-12-09T23:33:15.101+00:00|412316870415|13194139534792
2012-12-09T23:33:15.101+00:00|412316870463|13194139534699
2012-12-09T23:39:11.097+00:00|1168231120937|8796093022996
