creationDate|PersonId|UniversityId|classYear
2010-01-03T15:10:31.499+00:00|14|4593|2004
2010-01-31T13:13:03.929+00:00|16|5809|2004
2010-01-19T13:51:10.863+00:00|27|5804|2007
2010-01-19T23:03:07.674+00:00|33|1596|2003
2010-01-20T07:32:07.566+00:00|42|1597|2002
2010-02-20T09:49:47.443+00:00|46|5038|2004
2010-01-05T12:12:37.385+00:00|66|3009|2002
2010-02-09T22:29:01.024+00:00|71|6150|2003
2010-01-01T00:46:06.678+00:00|181|2451|2003
2010-01-07T11:20:01.390+00:00|248|6306|2002
2010-01-30T14:23:23.459+00:00|325|2450|2000
2010-01-10T13:24:26.708+00:00|375|7892|2002
2010-01-17T21:30:24.103+00:00|394|1961|2006
2010-01-27T12:45:36.698+00:00|412|4592|2000
2010-02-24T01:32:19.837+00:00|417|2214|2006
2010-02-21T08:17:42.178+00:00|435|2214|2006
2010-01-24T20:32:11.771+00:00|448|2211|2003
2010-02-21T12:43:33.240+00:00|455|6168|2005
2010-02-25T05:10:38.286+00:00|460|2832|2008
2010-02-14T11:35:46.669+00:00|478|5981|2007
2010-02-12T08:04:25.439+00:00|483|1635|2009
2010-01-27T06:17:13.238+00:00|490|3008|2002
2010-02-13T19:20:48.228+00:00|555|2209|2001
2010-01-12T05:20:36.978+00:00|561|2210|2005
2010-01-19T06:03:03.336+00:00|599|5938|2000
2010-01-01T15:45:47.061+00:00|659|2470|2001
2010-02-26T00:33:04.619+00:00|673|6392|2004
2010-02-20T02:22:09.856+00:00|690|1971|2000
2010-01-26T01:07:05.669+00:00|699|6163|2005
2010-01-24T18:46:35.614+00:00|705|6540|2008
2010-01-06T20:28:01.024+00:00|756|5188|2009
2010-01-08T06:00:10.612+00:00|772|6172|2002
2010-02-04T13:58:27.400+00:00|773|6799|2005
2010-02-10T00:50:45.975+00:00|783|6476|2006
2010-02-02T22:43:41.454+00:00|786|2452|2005
2010-01-16T02:28:02.697+00:00|796|3014|2001
2010-01-09T00:05:21.040+00:00|808|3006|2006
2010-02-28T02:08:58.657+00:00|859|3006|2003
2010-02-11T11:29:34.131+00:00|881|6554|2005
2010-01-04T12:14:34.965+00:00|903|6798|2003
2010-03-03T02:35:31.479+00:00|910|1855|2010
2010-01-01T01:54:03.489+00:00|919|2524|2004
2010-02-16T21:41:06.249+00:00|933|2643|2008
2010-01-21T15:34:48.534+00:00|981|1959|2009
2010-01-30T01:23:07.211+00:00|983|5184|2002
2010-01-28T14:38:25.642+00:00|1009|5526|2004
2010-01-29T12:22:51.239+00:00|1037|2828|1998
2010-01-04T02:16:27.124+00:00|1065|5268|2000
2010-01-02T01:16:09.935+00:00|1096|4750|2006
2010-01-30T07:53:23.075+00:00|1130|3008|2007
2010-02-12T06:42:32.659+00:00|1171|2212|2004
2010-01-18T15:00:43.490+00:00|1180|5867|2008
2010-02-04T07:32:20.964+00:00|1204|1800|2003
2010-01-18T11:31:34.721+00:00|1223|6308|2002
2010-02-14T03:28:25.768+00:00|1230|6807|2001
2010-01-20T13:39:37.801+00:00|1246|2209|2007
2010-02-13T16:00:06.846+00:00|1251|5190|2006
2010-03-01T12:32:10.059+00:00|1270|5866|2006
2010-01-04T12:48:38.958+00:00|1286|5988|2002
2010-03-02T19:12:56.926+00:00|1295|6150|2004
2010-01-14T19:26:03.773+00:00|1305|6552|2001
2010-01-12T20:54:21.532+00:00|1331|5185|2006
2010-02-05T06:50:23.437+00:00|1344|1637|2006
2010-02-19T05:09:34.977+00:00|1355|1642|2007
2010-02-19T15:29:38.071+00:00|1364|5046|2008
2010-02-20T14:01:08.026+00:00|1374|6473|2003
2010-02-14T09:44:01.187+00:00|1382|1980|2002
2010-02-01T14:15:22.461+00:00|1403|4745|2008
2010-02-18T11:19:03.789+00:00|1412|3008|2010
2010-01-20T20:52:02.254+00:00|1425|2210|2005
2010-01-28T20:43:50.602+00:00|1428|7895|2009
2010-02-07T21:25:15.217+00:00|1435|6797|2004
2010-01-22T08:02:41.027+00:00|1443|4673|2004
2010-02-11T03:52:17.064+00:00|1448|7900|2005
2010-02-09T09:59:32.706+00:00|1467|3013|2005
2010-02-11T21:38:46.327+00:00|1494|2205|2004
2010-01-17T10:03:52.857+00:00|1505|2207|2001
2010-02-24T18:37:28.061+00:00|1555|4956|2002
2010-01-13T07:50:27.569+00:00|1582|1957|2004
2010-02-18T10:30:33.485+00:00|1605|3938|2007
2010-02-05T20:52:50.278+00:00|1608|2438|2010
2010-02-08T03:36:26.551+00:00|1628|4747|2009
2010-01-31T05:28:34.959+00:00|1646|3011|2003
2010-01-19T01:02:44.763+00:00|1649|6393|2001
2010-02-06T20:50:18.046+00:00|1661|5041|2005
2010-02-15T10:25:53.204+00:00|1681|2176|2006
2010-01-13T03:59:52.085+00:00|1682|5037|2006
2010-03-24T18:14:04.882+00:00|2199023255557|1953|2008
2010-04-18T01:27:21.494+00:00|2199023255573|5263|2007
2010-03-11T19:37:08.691+00:00|2199023255638|5046|2004
2010-04-28T04:16:08.277+00:00|2199023255641|3014|2005
2010-03-17T18:26:46.550+00:00|2199023255672|5188|2007
2010-03-19T09:26:49.641+00:00|2199023255686|5236|2006
2010-04-30T16:00:03.437+00:00|2199023255691|5164|2003
2010-04-28T03:05:54.095+00:00|2199023255694|3823|2002
2010-04-11T11:01:27.222+00:00|2199023255724|1855|1998
2010-03-30T11:54:07.818+00:00|2199023255767|5168|2007
2010-03-13T05:17:24.814+00:00|2199023255778|7896|2009
2010-03-25T00:31:44.608+00:00|2199023255782|7899|2001
2010-04-18T15:20:55.401+00:00|2199023255783|5266|2009
2010-04-01T23:23:59.694+00:00|2199023255790|6554|2004
2010-03-21T19:34:14.855+00:00|2199023255827|2210|2006
2010-04-11T10:00:08.297+00:00|2199023255851|2831|2009
2010-04-08T08:08:07.483+00:00|2199023255869|5236|2003
2010-04-17T07:16:53.461+00:00|2199023255905|2209|2008
2010-05-01T23:52:56.800+00:00|2199023255937|3498|1998
2010-04-20T09:26:18.217+00:00|2199023255949|1596|2005
2010-04-22T16:55:39.573+00:00|2199023255978|5607|2008
2010-03-28T18:32:31.186+00:00|2199023255994|6438|2007
2010-03-15T05:55:42.699+00:00|2199023256031|2176|2008
2010-03-21T17:01:57.710+00:00|2199023256048|6801|2002
2010-03-31T21:51:21.233+00:00|2199023256055|1955|2002
2010-03-12T15:59:54.252+00:00|2199023256183|6417|2004
2010-03-25T14:51:11.247+00:00|2199023256187|2284|2003
2010-03-19T22:00:30.043+00:00|2199023256198|3011|2008
2010-04-05T13:12:17.854+00:00|2199023256230|5526|2006
2010-03-31T23:42:56.472+00:00|2199023256287|4934|2009
2010-04-05T19:32:44.926+00:00|2199023256293|2208|2002
2010-04-30T07:21:46.421+00:00|2199023256294|1975|2009
2010-04-22T15:40:25.158+00:00|2199023256302|4665|2007
2010-04-03T04:52:48.559+00:00|2199023256303|2210|2007
2010-04-07T05:26:31.591+00:00|2199023256304|1816|2001
2010-04-25T15:49:34.090+00:00|2199023256313|3010|2002
2010-03-15T21:11:08.210+00:00|2199023256317|2206|2000
2010-03-31T23:44:35.786+00:00|2199023256383|3007|2007
2010-04-02T10:46:27.769+00:00|2199023256425|2674|2005
2010-03-10T12:13:02.284+00:00|2199023256440|3007|2001
2010-04-15T16:34:53.868+00:00|2199023256446|6620|2007
2010-04-03T00:08:45.174+00:00|2199023256458|4991|2000
2010-04-19T22:50:49.991+00:00|2199023256472|1608|2002
2010-04-19T07:30:16.113+00:00|2199023256479|3010|2003
2010-03-21T04:33:08.721+00:00|2199023256515|2454|2001
2010-03-04T15:00:34.219+00:00|2199023256532|5523|2009
2010-03-11T07:34:38.056+00:00|2199023256557|6803|2000
2010-05-02T11:15:54.507+00:00|2199023256562|2289|2007
2010-03-30T11:07:03.669+00:00|2199023256573|7928|2003
2010-04-11T13:00:23.780+00:00|2199023256576|3014|2010
2010-04-09T17:10:30.634+00:00|2199023256599|6798|2002
2010-03-13T05:20:36.148+00:00|2199023256608|2213|2002
2010-04-06T02:27:53.458+00:00|2199023256616|2360|2007
2010-04-03T00:42:39.516+00:00|2199023256657|6205|2009
2010-04-08T04:15:35.863+00:00|2199023256666|3012|2003
2010-03-21T20:09:23.678+00:00|2199023256697|3013|2009
2010-04-14T16:11:36.579+00:00|2199023256720|2206|2004
2010-03-27T18:21:51.692+00:00|2199023256752|5943|2007
2010-04-13T03:35:22.091+00:00|2199023256791|1577|2000
2010-04-27T04:53:03.650+00:00|2199023256810|2212|2005
2010-04-15T06:45:16.556+00:00|2199023256818|3008|2008
2010-05-02T22:41:54.121+00:00|2199023256835|3011|2003
2010-04-12T04:32:46.244+00:00|2199023256858|2209|2000
2010-03-09T00:54:20.572+00:00|2199023256904|3207|2000
2010-04-06T02:23:38.098+00:00|2199023256905|6002|2002
2010-03-27T07:55:56.198+00:00|2199023256914|3029|2009
2010-05-03T00:47:06.674+00:00|2199023256946|2207|2007
2010-04-04T11:51:19.652+00:00|2199023256965|1581|2009
2010-04-28T19:49:17.230+00:00|2199023256978|4668|2003
2010-04-30T12:20:54.212+00:00|2199023256981|1851|2003
2010-04-04T13:29:17.191+00:00|2199023256990|3014|2001
2010-05-03T02:34:44.672+00:00|2199023256999|6802|2006
2010-04-17T12:23:48.143+00:00|2199023257001|3008|2006
2010-03-20T12:17:17.903+00:00|2199023257003|2210|2008
2010-04-30T21:22:52.823+00:00|2199023257005|2210|2002
2010-03-19T12:39:12.435+00:00|2199023257024|3014|2005
2010-03-25T16:21:36.185+00:00|2199023257093|5272|2000
2010-03-22T00:04:22.239+00:00|2199023257100|5047|2001
2010-03-11T09:41:54.848+00:00|2199023257110|1813|2002
2010-03-22T01:23:46.947+00:00|2199023257140|3008|2010
2010-03-24T23:20:15.861+00:00|2199023257149|5265|2000
2010-04-12T05:32:46.381+00:00|2199023257181|3008|2009
2010-03-06T08:10:33.831+00:00|2199023257197|2206|2008
2010-03-31T11:44:45.428+00:00|2199023257247|5268|1999
2010-06-17T07:12:54.354+00:00|4398046511147|3014|2007
2010-05-23T10:03:28.904+00:00|4398046511151|6346|2003
2010-06-05T09:51:36.196+00:00|4398046511152|5189|2007
2010-06-13T23:01:21.407+00:00|4398046511158|3012|2005
2010-05-08T15:53:44.822+00:00|4398046511168|2387|2000
2010-05-10T08:03:59.029+00:00|4398046511169|4991|2007
2010-06-22T02:02:36.730+00:00|4398046511176|5866|2008
2010-05-29T23:42:58.594+00:00|4398046511181|2827|2007
2010-06-06T11:51:48.075+00:00|4398046511219|2210|2005
2010-06-08T04:06:31.624+00:00|4398046511230|5143|2007
2010-06-09T19:11:38.984+00:00|4398046511255|1583|2009
2010-05-12T06:09:35.222+00:00|4398046511273|3012|2011
2010-05-23T20:26:46.675+00:00|4398046511290|1810|2002
2010-05-22T18:03:59.293+00:00|4398046511302|5668|2009
2010-07-02T15:06:54.622+00:00|4398046511304|4151|2000
2010-05-07T07:17:33.303+00:00|4398046511348|7870|2000
2010-05-25T11:03:09.336+00:00|4398046511377|1599|1999
2010-05-15T11:40:42.605+00:00|4398046511453|1980|2003
2010-05-20T01:52:44.613+00:00|4398046511458|1639|2001
2010-05-13T08:33:29.609+00:00|4398046511549|4591|2003
2010-05-19T08:21:33.228+00:00|4398046511568|5497|2003
2010-05-04T09:32:39.822+00:00|4398046511577|6169|2009
2010-05-11T01:53:17.809+00:00|4398046511591|2830|2000
2010-06-10T07:34:29.783+00:00|4398046511595|1856|2008
2010-06-29T16:05:47.294+00:00|4398046511602|3865|2008
2010-05-13T19:20:49.953+00:00|4398046511608|3015|2002
2010-05-08T09:37:09.729+00:00|4398046511613|2175|2005
2010-05-09T20:28:39.124+00:00|4398046511652|6172|2002
2010-06-17T08:49:50.604+00:00|4398046511689|2271|2004
2010-06-07T08:06:36.164+00:00|4398046511727|3643|2004
2010-05-11T16:13:31.139+00:00|4398046511748|5526|2005
2010-06-24T07:54:27.514+00:00|4398046511867|1961|2006
2010-05-12T12:36:59.435+00:00|4398046511870|2359|2006
2010-05-19T13:16:43.922+00:00|4398046511926|5942|2006
2010-06-01T14:41:55.597+00:00|4398046511930|1854|2009
2010-05-26T11:05:36.201+00:00|4398046511934|3014|1999
2010-07-03T21:17:56.525+00:00|4398046511938|4519|2005
2010-06-18T19:37:27.295+00:00|4398046511989|2829|2001
2010-05-27T14:50:45.723+00:00|4398046512008|3123|2009
2010-06-09T16:59:48.913+00:00|4398046512057|5186|1999
2010-06-22T13:25:00.598+00:00|4398046512107|4998|2009
2010-05-11T00:33:50.179+00:00|4398046512126|2213|2006
2010-05-09T18:51:40.803+00:00|4398046512138|5038|2008
2010-05-12T11:38:40.357+00:00|4398046512139|5272|2006
2010-05-18T23:57:45.316+00:00|4398046512158|5873|2005
2010-06-16T20:53:47.633+00:00|4398046512162|1578|2002
2010-05-16T02:25:25.476+00:00|4398046512175|5945|2004
2010-05-06T02:18:16.064+00:00|4398046512195|1953|2004
2010-05-13T07:38:58.428+00:00|4398046512197|7892|1998
2010-05-15T11:48:18.552+00:00|4398046512233|2636|2004
2010-05-13T00:09:46.024+00:00|4398046512238|6432|2002
2010-05-18T04:02:37.125+00:00|4398046512247|1858|2003
2010-06-25T17:18:43.122+00:00|4398046512254|5044|2001
2010-05-04T13:09:48.711+00:00|4398046512269|4751|2001
2010-06-29T20:01:29.945+00:00|4398046512273|7897|2003
2010-06-13T22:28:57.487+00:00|4398046512286|4378|2000
2010-05-26T05:20:18.491+00:00|4398046512328|3015|2010
2010-06-24T06:51:20.900+00:00|4398046512336|6855|2004
2010-05-07T04:28:06.352+00:00|4398046512338|4239|2007
2010-06-29T06:39:04.812+00:00|4398046512345|2213|2000
2010-05-03T20:36:03.878+00:00|4398046512349|4948|2006
2010-05-06T11:10:31.573+00:00|4398046512359|4517|2005
2010-06-08T04:50:44.817+00:00|4398046512360|2206|2003
2010-05-13T12:52:10.467+00:00|4398046512371|2835|2003
2010-06-07T06:10:47.296+00:00|4398046512388|6489|2009
2010-05-16T09:01:47.746+00:00|4398046512392|6493|2007
2010-05-14T05:10:26.142+00:00|4398046512406|1980|2004
2010-06-01T07:16:46.518+00:00|4398046512422|5950|2005
2010-06-13T19:18:02.172+00:00|4398046512445|5271|2004
2010-05-05T10:16:53.781+00:00|4398046512447|6805|2007
2010-06-25T00:50:34.376+00:00|4398046512495|1972|2003
2010-06-24T12:49:24.035+00:00|4398046512502|2213|2000
2010-06-06T02:58:42.865+00:00|4398046512570|3008|2008
2010-05-12T17:41:47.669+00:00|4398046512582|2211|2008
2010-05-24T01:52:53.075+00:00|4398046512621|1980|2000
2010-06-01T16:00:22.670+00:00|4398046512629|5522|2005
2010-06-19T22:32:33.025+00:00|4398046512651|4751|2007
2010-06-22T11:28:46.131+00:00|4398046512669|4965|2003
2010-05-20T13:58:28.043+00:00|4398046512677|4982|2003
2010-05-31T18:50:44.397+00:00|4398046512700|2210|2007
2010-05-07T18:05:43.337+00:00|4398046512769|5529|2009
2010-05-13T12:10:37.815+00:00|4398046512770|5271|2005
2010-05-08T10:55:24.710+00:00|4398046512778|6391|2008
2010-08-12T11:46:56.396+00:00|6597069766697|3010|2008
2010-07-20T10:17:42.074+00:00|6597069766709|5268|2005
2010-07-19T16:04:54.330+00:00|6597069766712|2452|2005
2010-08-08T13:58:06.265+00:00|6597069766725|4762|2002
2010-08-22T10:03:31.170+00:00|6597069766769|3308|2004
2010-07-31T23:29:14.931+00:00|6597069766793|2180|1999
2010-07-21T01:12:13.073+00:00|6597069766802|4996|2007
2010-07-13T10:53:14.626+00:00|6597069766819|2535|2006
2010-08-24T09:41:38.655+00:00|6597069766835|2205|2001
2010-08-22T05:33:04.044+00:00|6597069766839|4746|2009
2010-08-05T04:05:09.646+00:00|6597069766895|7886|2003
2010-08-26T03:17:57.091+00:00|6597069766925|4518|2004
2010-07-14T01:09:39.975+00:00|6597069766942|5266|2000
2010-07-22T17:25:44.338+00:00|6597069766967|2691|2006
2010-08-10T10:23:27.702+00:00|6597069766972|7900|1999
2010-07-10T14:17:25.910+00:00|6597069766982|2407|2006
2010-07-26T06:03:13.817+00:00|6597069767006|5236|2008
2010-07-27T13:40:07.754+00:00|6597069767011|4956|2005
2010-07-21T00:17:59.562+00:00|6597069767047|2832|2005
2010-08-31T14:33:11.495+00:00|6597069767080|3010|2006
2010-07-14T16:52:35.743+00:00|6597069767085|5984|2005
2010-08-16T09:03:32.451+00:00|6597069767115|5169|2004
2010-07-08T20:50:06.524+00:00|6597069767176|5187|2002
2010-07-04T10:47:07.435+00:00|6597069767179|4590|2007
2010-07-21T07:57:31.382+00:00|6597069767182|2292|2007
2010-08-04T05:43:19.461+00:00|6597069767205|7893|2000
2010-07-29T12:53:18.809+00:00|6597069767221|1857|2001
2010-08-10T04:07:53.772+00:00|6597069767262|4670|2010
2010-07-21T05:50:16.007+00:00|6597069767337|2432|2005
2010-07-18T00:55:17.037+00:00|6597069767351|3007|2005
2010-08-06T06:19:27.406+00:00|6597069767362|3013|2009
2010-08-03T05:08:54.075+00:00|6597069767372|5494|2002
2010-08-30T20:12:04.000+00:00|6597069767381|6388|2009
2010-08-14T22:17:56.420+00:00|6597069767390|2249|2002
2010-07-27T15:24:17.391+00:00|6597069767446|2486|2009
2010-08-16T11:50:46.610+00:00|6597069767449|5942|1999
2010-07-28T16:07:13.556+00:00|6597069767462|5154|2008
2010-07-31T21:52:20.424+00:00|6597069767468|5947|2006
2010-08-01T01:38:40.049+00:00|6597069767484|1858|2002
2010-07-21T03:38:48.525+00:00|6597069767597|4516|2002
2010-08-17T04:52:33.935+00:00|6597069767598|5735|2009
2010-08-29T17:11:10.682+00:00|6597069767615|6197|2006
2010-08-23T19:29:34.208+00:00|6597069767638|1608|2002
2010-08-16T12:09:41.633+00:00|6597069767674|3012|2005
2010-08-25T23:50:06.792+00:00|6597069767675|2210|2000
2010-07-12T18:44:21.604+00:00|6597069767713|7877|2005
2010-08-23T01:21:27.179+00:00|6597069767723|4742|2003
2010-08-19T13:32:35.355+00:00|6597069767744|7901|2003
2010-07-28T06:20:41.832+00:00|6597069767767|5266|2007
2010-08-26T17:34:13.632+00:00|6597069767781|1580|2003
2010-07-08T09:58:51.741+00:00|6597069767816|7894|2003
2010-07-06T22:57:34.200+00:00|6597069767839|5182|2000
2010-07-12T04:14:44.619+00:00|6597069767849|5980|2003
2010-08-26T14:11:43.047+00:00|6597069767969|5529|2008
2010-08-15T19:40:38.576+00:00|6597069767971|5146|2004
2010-07-04T04:58:39.211+00:00|6597069768040|4991|2006
2010-08-31T13:36:05.904+00:00|6597069768067|1851|2004
2010-07-04T07:08:02.095+00:00|6597069768129|5042|2004
2010-07-24T08:22:44.320+00:00|6597069768144|3014|2005
2010-08-01T09:11:47.429+00:00|6597069768148|2387|2005
2010-08-06T22:04:49.717+00:00|6597069768167|2486|2004
2010-08-28T16:55:33.371+00:00|6597069768234|3006|2007
2010-08-13T08:51:04.441+00:00|6597069768249|2694|2003
2010-08-21T17:08:25.243+00:00|6597069768281|1597|2001
2010-08-22T23:43:15.801+00:00|6597069768352|2207|2005
2010-10-09T04:45:29.161+00:00|8796093022302|3015|1998
2010-09-29T20:39:56.174+00:00|8796093022362|5950|1999
2010-09-29T18:11:09.984+00:00|8796093022402|4991|2000
2010-09-25T10:40:15.828+00:00|8796093022442|5229|2006
2010-09-08T23:45:32.769+00:00|8796093022449|2827|2005
2010-11-01T09:06:49.522+00:00|8796093022491|2977|1999
2010-10-06T18:20:22.131+00:00|8796093022501|5984|2004
2010-10-08T04:36:04.672+00:00|8796093022532|1969|2005
2010-10-07T21:40:59.375+00:00|8796093022572|6164|2010
2010-10-17T00:49:04.274+00:00|8796093022579|3010|2004
2010-10-04T20:02:10.903+00:00|8796093022589|3010|1999
2010-10-10T12:29:18.029+00:00|8796093022606|1601|2000
2010-10-04T17:18:54.674+00:00|8796093022619|5238|2009
2010-10-02T21:27:56.658+00:00|8796093022629|7878|2003
2010-09-20T18:17:36.269+00:00|8796093022685|4743|2006
2010-10-22T04:48:03.036+00:00|8796093022697|4952|2005
2010-09-09T06:56:56.443+00:00|8796093022715|1596|2010
2010-10-30T02:38:15.198+00:00|8796093022726|2449|2004
2010-10-18T18:37:02.184+00:00|8796093022736|5046|2011
2010-09-28T21:01:41.042+00:00|8796093022784|1804|2000
2010-10-14T08:42:50.340+00:00|8796093022823|2208|2001
2010-09-14T19:35:36.956+00:00|8796093022884|5063|2010
2010-10-21T13:46:44.540+00:00|8796093022904|3011|2010
2010-09-03T15:01:00.927+00:00|8796093022910|5046|2005
2010-10-09T01:23:29.930+00:00|8796093022932|3006|2008
2010-10-25T12:05:27.765+00:00|8796093022945|3012|2008
2010-09-09T17:28:46.224+00:00|8796093022948|4517|2008
2010-09-28T09:38:13.075+00:00|8796093022967|1958|2006
2010-10-15T05:22:44.136+00:00|8796093022968|4516|2003
2010-10-11T14:27:23.196+00:00|8796093022976|1955|2007
2010-09-23T06:07:38.559+00:00|8796093022986|2487|2006
2010-10-13T17:24:11.664+00:00|8796093022996|7901|2010
2010-10-24T11:46:10.229+00:00|8796093023070|1813|2003
2010-10-09T06:29:20.749+00:00|8796093023077|4511|2002
2010-09-08T21:20:39.129+00:00|8796093023085|6796|2006
2010-10-19T08:07:29.149+00:00|8796093023087|2213|2002
2010-09-23T18:01:32.191+00:00|8796093023099|6493|2005
2010-10-07T11:53:23.002+00:00|8796093023117|2834|2007
2010-09-04T16:56:53.225+00:00|8796093023143|6483|2009
2010-10-24T02:09:46.207+00:00|8796093023183|1575|2000
2010-09-28T17:47:30.859+00:00|8796093023194|2644|2005
2010-10-11T07:42:27.371+00:00|8796093023282|2210|2008
2010-10-04T10:36:31.475+00:00|8796093023290|6557|2002
2010-09-11T03:44:09.495+00:00|8796093023321|5040|2004
2010-09-19T20:56:27.966+00:00|8796093023330|4746|2006
2010-09-12T21:30:35.275+00:00|8796093023364|1989|2006
2010-10-01T10:23:20.647+00:00|8796093023371|1959|2004
2010-09-08T20:50:05.777+00:00|8796093023402|4512|2001
2010-09-10T07:32:55.508+00:00|8796093023477|3008|2006
2010-09-25T04:52:34.520+00:00|8796093023500|1639|2009
2010-10-05T20:26:51.686+00:00|8796093023518|4845|2003
2010-09-30T08:19:08.526+00:00|8796093023536|2205|2002
2010-10-12T01:40:55.350+00:00|8796093023537|6540|2009
2010-09-09T17:35:55.318+00:00|8796093023573|1980|2009
2010-10-03T15:49:11.115+00:00|8796093023616|1602|2007
2010-10-13T13:08:20.021+00:00|8796093023653|2987|2000
2010-09-15T17:08:54.344+00:00|8796093023658|2205|2009
2010-10-10T13:52:59.239+00:00|8796093023740|1853|2002
2010-09-15T05:36:53.316+00:00|8796093023758|2943|2008
2010-10-04T21:41:25.850+00:00|8796093023782|2943|2007
2010-09-21T13:17:15.211+00:00|8796093023802|1957|1998
2010-09-06T13:08:10.621+00:00|8796093023809|6654|2003
2010-09-08T16:32:38.655+00:00|8796093023824|5264|2005
2010-11-03T05:35:52.301+00:00|8796093023835|2175|2007
2010-10-07T00:36:12.132+00:00|8796093023851|2944|2002
2010-10-19T00:37:10.227+00:00|8796093023864|6545|2002
2010-09-05T13:59:38.156+00:00|8796093023876|5235|2002
2010-10-27T11:49:33.255+00:00|8796093023891|1849|2002
2010-10-17T01:14:03.906+00:00|8796093023892|3011|2007
2010-10-23T03:57:57.067+00:00|8796093023895|5984|2004
2010-09-22T01:36:46.375+00:00|8796093023896|6487|2006
2010-11-13T15:50:09.443+00:00|10995116277761|2945|2004
2010-12-24T05:25:34.086+00:00|10995116277782|4742|2007
2010-11-21T16:16:26.476+00:00|10995116277783|6797|2008
2010-11-13T01:22:27.656+00:00|10995116277805|5236|2006
2011-01-01T05:30:08.075+00:00|10995116277819|3007|2001
2010-12-06T10:22:58.261+00:00|10995116277934|6173|2003
2010-12-31T09:26:24.701+00:00|10995116278006|1982|2006
2010-12-21T00:27:55.379+00:00|10995116278031|2834|2005
2010-12-06T21:51:47.922+00:00|10995116278066|2209|2001
2010-11-30T13:37:07.118+00:00|10995116278083|4991|2004
2010-12-09T05:20:50.823+00:00|10995116278091|2521|2006
2010-11-09T18:27:17.903+00:00|10995116278104|5986|2003
2010-11-14T09:57:19.158+00:00|10995116278132|5141|2006
2010-12-27T01:39:10.799+00:00|10995116278182|4748|2008
2010-12-18T04:30:29.961+00:00|10995116278204|2205|2006
2010-12-09T03:23:07.180+00:00|10995116278230|5937|2010
2010-12-24T18:17:53.101+00:00|10995116278235|5986|2004
2010-11-14T06:15:31.622+00:00|10995116278262|2173|2008
2010-12-12T00:54:32.778+00:00|10995116278274|6545|2000
2010-12-06T00:04:13.146+00:00|10995116278314|6171|2008
2010-12-19T13:28:36.443+00:00|10995116278322|1813|2006
2010-12-01T00:12:38.988+00:00|10995116278326|7951|2001
2010-12-24T20:50:56.894+00:00|10995116278328|6151|2005
2010-12-04T23:56:23.563+00:00|10995116278352|6541|2002
2010-11-21T06:20:11.209+00:00|10995116278358|7899|2003
2010-11-16T00:20:53.635+00:00|10995116278390|1852|2007
2010-11-06T07:50:28.346+00:00|10995116278397|4511|2009
2010-11-12T19:30:21.475+00:00|10995116278400|1633|2005
2010-11-04T21:15:41.496+00:00|10995116278408|4743|2011
2010-12-09T21:17:38.115+00:00|10995116278421|6149|2002
2010-11-16T15:32:42.177+00:00|10995116278434|6479|2000
2010-12-09T22:34:07.266+00:00|10995116278447|3006|2008
2010-11-20T00:59:00.461+00:00|10995116278449|6803|2008
2010-12-27T01:30:25.275+00:00|10995116278482|3017|2003
2010-12-15T08:19:19.630+00:00|10995116278498|7899|1999
2010-12-01T14:48:36.465+00:00|10995116278554|2211|2007
2010-11-16T04:55:15.203+00:00|10995116278578|2205|2002
2010-11-16T16:05:30.263+00:00|10995116278610|3007|2007
2011-01-01T17:45:14.027+00:00|10995116278611|3011|2004
2010-12-31T04:35:59.843+00:00|10995116278624|6623|2005
2010-11-19T00:29:39.097+00:00|10995116278634|6673|2004
2010-12-28T03:30:09.335+00:00|10995116278691|2206|2002
2010-11-30T15:31:52.397+00:00|10995116278710|6166|2010
2010-11-19T10:20:25.650+00:00|10995116278727|5522|2006
2010-11-24T16:33:39.893+00:00|10995116278729|7893|2000
2010-12-19T12:24:48.299+00:00|10995116278774|4516|2001
2010-12-22T03:14:04.654+00:00|10995116278785|6624|2008
2010-12-19T12:44:04.068+00:00|10995116278803|2833|2004
2010-12-05T15:34:18.603+00:00|10995116278836|6798|2003
2010-12-30T23:57:05.938+00:00|10995116278859|2483|1999
2010-12-06T01:10:19.375+00:00|10995116278912|5983|2008
2010-11-17T06:42:45.549+00:00|10995116278952|4944|2008
2011-01-02T07:29:07.801+00:00|10995116278970|2209|1998
2010-12-07T04:56:39.656+00:00|10995116278995|6038|2010
2010-11-28T09:15:13.393+00:00|10995116278996|2214|2000
2010-12-31T20:41:17.494+00:00|10995116279002|6398|2007
2010-11-04T00:45:34.931+00:00|10995116279024|3014|2001
2010-12-27T18:32:15.400+00:00|10995116279035|6667|2010
2010-11-13T05:13:19.367+00:00|10995116279037|2212|2002
2010-12-14T03:43:50.274+00:00|10995116279045|3010|2002
2010-12-27T04:22:14.075+00:00|10995116279084|3013|2001
2010-11-28T13:57:16.981+00:00|10995116279093|7897|2004
2010-12-09T11:41:21.690+00:00|10995116279130|2205|2001
2010-12-03T06:35:41.089+00:00|10995116279153|4517|1998
2010-11-08T20:59:40.947+00:00|10995116279162|5948|1999
2010-12-13T01:59:51.631+00:00|10995116279182|5236|2005
2010-11-07T23:24:00.828+00:00|10995116279197|2831|1999
2010-12-04T14:00:14.844+00:00|10995116279201|5808|2004
2010-12-16T07:18:26.472+00:00|10995116279215|2381|1998
2010-12-11T19:24:19.694+00:00|10995116279270|3007|2001
2010-12-20T07:28:30.579+00:00|10995116279272|3007|2003
2010-11-30T10:30:13.883+00:00|10995116279335|4950|2002
2010-11-26T16:54:43.228+00:00|10995116279339|5523|2002
2010-12-23T03:42:44.428+00:00|10995116279358|4176|2008
2010-12-28T22:19:17.811+00:00|10995116279363|2205|2006
2010-12-29T08:46:47.554+00:00|10995116279364|6616|1999
2010-12-03T09:00:10.669+00:00|10995116279452|4595|2007
2011-02-28T08:13:29.086+00:00|13194139533343|2832|2000
2011-01-19T01:26:05.018+00:00|13194139533367|2439|2002
2011-03-02T17:04:21.323+00:00|13194139533372|2836|2010
2011-03-03T08:19:36.129+00:00|13194139533439|4747|2007
2011-02-27T10:00:17.636+00:00|13194139533448|5987|2000
2011-02-22T11:03:00.249+00:00|13194139533457|6801|2006
2011-03-04T22:28:31.661+00:00|13194139533467|6150|2009
2011-02-22T08:37:02.334+00:00|13194139533474|1599|2005
2011-01-20T00:50:11.859+00:00|13194139533488|4669|2003
2011-03-03T18:30:13.376+00:00|13194139533496|7900|2000
2011-02-25T05:17:41.076+00:00|13194139533501|2206|2006
2011-01-26T13:21:31.638+00:00|13194139533520|7945|2002
2011-01-20T00:02:57.055+00:00|13194139533545|6509|2002
2011-01-15T11:02:06.257+00:00|13194139533562|3012|2001
2011-02-21T06:25:09.354+00:00|13194139533577|6488|2000
2011-01-26T11:57:02.470+00:00|13194139533620|2835|2002
2011-01-27T08:09:38.087+00:00|13194139533641|6479|2002
2011-02-22T13:46:39.579+00:00|13194139533645|2942|2006
2011-01-30T02:46:04.839+00:00|13194139533664|3009|2005
2011-01-16T17:04:35.075+00:00|13194139533675|2523|2007
2011-01-28T17:06:37.660+00:00|13194139533712|2945|2011
2011-01-16T03:21:25.567+00:00|13194139533714|3013|2004
2011-02-25T21:50:40.245+00:00|13194139533721|3014|2009
2011-01-12T14:54:31.637+00:00|13194139533740|5523|2010
2011-01-24T12:42:59.437+00:00|13194139533753|2212|2005
2011-01-13T07:45:18.047+00:00|13194139533818|7892|2004
2011-03-02T04:35:11.081+00:00|13194139533839|1607|2003
2011-01-25T15:38:23.417+00:00|13194139533919|2212|2006
2011-02-11T18:03:25.605+00:00|13194139533931|2831|2002
2011-03-01T03:22:56.188+00:00|13194139533940|4529|2003
2011-03-01T03:44:55.035+00:00|13194139533965|1955|2000
2011-03-05T19:13:17.293+00:00|13194139533966|1636|2002
2011-01-20T09:14:45.234+00:00|13194139534003|4209|2010
2011-01-17T04:04:19.651+00:00|13194139534026|3007|2001
2011-01-24T01:09:31.443+00:00|13194139534051|5264|2009
2011-02-22T17:25:11.303+00:00|13194139534060|1971|1999
2011-02-08T03:30:35.135+00:00|13194139534129|6546|2005
2011-02-09T02:29:39.874+00:00|13194139534169|5267|2004
2011-01-30T01:19:47.850+00:00|13194139534173|2652|2004
2011-03-06T09:03:02.654+00:00|13194139534212|1641|2002
2011-02-07T13:48:11.934+00:00|13194139534219|2178|2005
2011-02-14T09:51:28.218+00:00|13194139534223|3008|2006
2011-02-15T19:41:04.759+00:00|13194139534224|1958|2003
2011-02-28T21:33:07.346+00:00|13194139534228|5455|2006
2011-02-18T18:34:29.219+00:00|13194139534238|2210|1999
2011-01-27T06:26:19.978+00:00|13194139534261|7896|2004
2011-03-05T08:05:57.889+00:00|13194139534284|5986|2005
2011-01-20T11:22:24.723+00:00|13194139534338|7894|2005
2011-01-05T18:10:03.430+00:00|13194139534340|2449|2000
2011-03-04T11:03:22.851+00:00|13194139534412|5266|2001
2011-01-20T04:49:44.377+00:00|13194139534424|4750|2004
2011-02-23T05:54:54.216+00:00|13194139534432|4515|2001
2011-02-07T11:45:11.201+00:00|13194139534447|5271|2006
2011-02-22T22:44:39.540+00:00|13194139534454|3006|2000
2011-01-20T02:30:46.810+00:00|13194139534456|5038|2007
2011-03-02T23:22:59.949+00:00|13194139534460|2440|2006
2011-01-31T17:21:02.461+00:00|13194139534474|4569|1999
2011-01-19T21:10:52.379+00:00|13194139534507|2432|2001
2011-01-13T07:57:53.221+00:00|13194139534524|2386|2002
2011-02-06T11:39:45.303+00:00|13194139534533|4172|2003
2011-01-20T17:57:05.054+00:00|13194139534574|2180|2002
2011-02-27T23:55:36.191+00:00|13194139534588|1984|2006
2011-01-09T23:16:24.554+00:00|13194139534610|5461|2002
2011-01-15T03:26:33.105+00:00|13194139534651|6490|2009
2011-02-04T14:53:17.844+00:00|13194139534658|5984|2009
2011-01-15T02:57:12.920+00:00|13194139534659|4518|2007
2011-01-15T07:57:05.726+00:00|13194139534663|6671|2004
2011-02-24T15:37:27.411+00:00|13194139534730|2181|2008
2011-01-26T22:00:03.099+00:00|13194139534777|2214|2006
2011-02-13T18:20:10.848+00:00|13194139534789|4991|2001
2011-01-13T02:34:44.839+00:00|13194139534792|2832|2004
2011-02-22T06:18:32.244+00:00|13194139534868|4596|2004
2011-02-26T14:08:32.724+00:00|13194139534879|1805|2000
2011-02-24T13:26:13.739+00:00|13194139534898|1854|2005
2011-02-27T19:19:25.640+00:00|13194139534923|6801|2008
2011-01-15T12:47:02.123+00:00|13194139534926|4750|2001
2011-01-05T03:35:19.385+00:00|13194139534936|5805|2002
2011-01-09T23:05:39.219+00:00|13194139534949|4511|2007
2011-01-22T10:21:05.994+00:00|13194139534951|3013|2009
2011-02-01T09:27:32.321+00:00|13194139534967|3099|2005
2011-01-27T22:09:32.233+00:00|13194139535005|2989|2006
2011-03-12T15:40:42.861+00:00|15393162788877|6612|2008
2011-04-14T16:09:20.493+00:00|15393162788899|4929|2006
2011-03-28T19:13:05.682+00:00|15393162788944|5265|2002
2011-05-05T06:13:15.290+00:00|15393162788951|3011|1998
2011-04-15T19:48:04.855+00:00|15393162788952|2212|2001
2011-05-06T19:12:02.550+00:00|15393162788957|1605|2004
2011-03-14T08:01:25.000+00:00|15393162788962|3015|2007
2011-04-12T10:12:44.978+00:00|15393162789008|2213|2009
2011-05-01T17:12:52.996+00:00|15393162789023|6303|2007
2011-04-23T01:34:58.837+00:00|15393162789041|5040|2003
2011-04-29T15:02:16.938+00:00|15393162789051|4575|2008
2011-03-29T07:47:54.618+00:00|15393162789066|6202|2002
2011-03-07T07:37:07.814+00:00|15393162789088|3011|2001
2011-03-31T21:48:52.591+00:00|15393162789104|5270|2003
2011-03-19T12:57:41.420+00:00|15393162789106|3008|1999
2011-03-28T18:58:28.618+00:00|15393162789134|2528|1999
2011-04-22T01:41:15.260+00:00|15393162789145|2310|2000
2011-03-19T22:59:37.218+00:00|15393162789151|2554|2003
2011-03-14T12:31:09.814+00:00|15393162789178|5521|2004
2011-04-28T18:40:16.185+00:00|15393162789253|5043|2004
2011-03-10T10:56:27.845+00:00|15393162789263|6200|2010
2011-04-22T19:36:53.395+00:00|15393162789271|5522|2003
2011-03-20T01:59:19.150+00:00|15393162789277|6552|2003
2011-03-19T16:00:21.822+00:00|15393162789287|4946|2002
2011-03-23T11:13:52.406+00:00|15393162789322|1849|2010
2011-04-06T18:52:08.648+00:00|15393162789340|2213|2009
2011-03-10T16:17:52.532+00:00|15393162789357|6439|2003
2011-04-04T12:24:28.520+00:00|15393162789407|2454|2005
2011-04-09T14:11:47.160+00:00|15393162789420|2206|2005
2011-04-22T20:51:18.928+00:00|15393162789443|2210|1999
2011-04-15T01:26:07.564+00:00|15393162789464|2835|2005
2011-04-12T11:12:46.227+00:00|15393162789466|5523|2005
2011-03-31T01:22:31.903+00:00|15393162789532|2699|2006
2011-04-15T12:39:52.751+00:00|15393162789544|5523|2006
2011-04-24T01:30:03.895+00:00|15393162789587|5527|2001
2011-04-28T01:26:12.862+00:00|15393162789600|4991|2001
2011-03-11T21:02:21.227+00:00|15393162789607|2697|2003
2011-03-08T02:24:49.619+00:00|15393162789639|2205|2004
2011-03-06T19:22:50.884+00:00|15393162789684|6473|1999
2011-05-03T23:11:48.081+00:00|15393162789687|2178|2002
2011-03-13T11:19:57.320+00:00|15393162789718|2211|2007
2011-03-07T21:15:13.805+00:00|15393162789735|4746|1999
2011-04-07T06:53:10.947+00:00|15393162789762|2209|2006
2011-03-19T19:44:13.071+00:00|15393162789781|7952|2004
2011-04-14T00:46:35.064+00:00|15393162789808|2836|2000
2011-04-24T17:28:51.589+00:00|15393162789809|1855|2006
2011-03-22T13:06:56.357+00:00|15393162789811|5167|2007
2011-04-11T00:13:52.308+00:00|15393162789820|5496|2008
2011-04-20T16:46:13.455+00:00|15393162789824|5988|2007
2011-03-11T13:05:16.748+00:00|15393162789840|3013|2008
2011-04-03T00:45:25.878+00:00|15393162789912|2209|2005
2011-04-27T04:26:59.959+00:00|15393162789916|6150|2000
2011-04-13T16:24:30.098+00:00|15393162789919|2209|2000
2011-04-16T12:09:54.212+00:00|15393162789958|1800|2007
2011-03-09T13:12:51.186+00:00|15393162789990|2355|2006
2011-03-23T19:09:11.850+00:00|15393162790015|6801|2003
2011-04-04T21:30:54.926+00:00|15393162790022|2214|2008
2011-03-09T06:08:40.004+00:00|15393162790040|4669|2008
2011-03-11T05:34:49.560+00:00|15393162790053|4993|2008
2011-03-30T20:12:16.929+00:00|15393162790062|5168|2007
2011-04-09T04:15:11.164+00:00|15393162790071|2525|2000
2011-03-30T15:46:58.789+00:00|15393162790112|4511|2006
2011-04-15T10:17:24.207+00:00|15393162790123|4968|2005
2011-04-30T19:29:22.756+00:00|15393162790214|3011|2010
2011-04-22T11:25:08.307+00:00|15393162790235|6797|2001
2011-03-14T11:49:37.745+00:00|15393162790318|1597|2010
2011-03-26T12:03:31.268+00:00|15393162790322|2211|2003
2011-04-11T12:32:30.042+00:00|15393162790351|2646|2006
2011-03-31T17:22:19.207+00:00|15393162790355|5241|2009
2011-03-18T19:09:19.510+00:00|15393162790368|1577|2008
2011-04-01T04:49:07.748+00:00|15393162790380|5530|2002
2011-03-15T23:34:50.224+00:00|15393162790390|6622|2007
2011-03-13T22:46:15.528+00:00|15393162790399|4765|2008
2011-03-29T21:53:21.081+00:00|15393162790413|3013|2001
2011-04-10T15:25:30.632+00:00|15393162790417|5042|2007
2011-04-05T23:47:29.954+00:00|15393162790445|4518|2008
2011-04-05T00:29:44.641+00:00|15393162790474|2210|2006
2011-04-11T22:27:34.838+00:00|15393162790481|5542|2007
2011-04-30T18:26:12.880+00:00|15393162790502|2834|2001
2011-03-22T23:16:30.271+00:00|15393162790526|5985|2009
2011-06-18T21:35:07.491+00:00|17592186044455|5985|2003
2011-06-17T02:34:25.495+00:00|17592186044479|2830|2006
2011-06-23T03:37:10.132+00:00|17592186044513|3007|2001
2011-05-17T20:59:39.671+00:00|17592186044525|3007|2009
2011-06-08T17:50:47.884+00:00|17592186044534|2693|2000
2011-05-31T16:16:52.164+00:00|17592186044541|6164|2002
2011-05-24T08:35:55.445+00:00|17592186044566|5040|2004
2011-05-13T15:19:31.573+00:00|17592186044574|5268|2006
2011-05-11T06:27:16.958+00:00|17592186044609|2207|2007
2011-07-06T21:16:20.440+00:00|17592186044645|6302|2002
2011-05-14T12:39:42.159+00:00|17592186044648|4676|2001
2011-05-17T03:43:01.815+00:00|17592186044674|6045|2006
2011-06-23T19:13:26.529+00:00|17592186044706|5268|2005
2011-06-27T18:55:50.594+00:00|17592186044711|2981|2005
2011-06-16T22:56:33.807+00:00|17592186044729|5980|2001
2011-05-17T06:33:20.811+00:00|17592186044738|5265|2008
2011-05-07T19:37:10.405+00:00|17592186044744|6539|1999
2011-05-10T15:54:39.178+00:00|17592186044794|2830|2006
2011-06-11T01:15:39.659+00:00|17592186044798|1980|2003
2011-05-22T07:03:46.077+00:00|17592186044826|1857|2000
2011-06-17T11:10:22.037+00:00|17592186044835|2829|2003
2011-06-12T12:29:15.247+00:00|17592186044846|6800|2006
2011-07-05T05:54:58.772+00:00|17592186044850|6551|2004
2011-06-23T08:58:13.464+00:00|17592186044866|7916|2005
2011-06-19T19:12:34.252+00:00|17592186044881|2212|2002
2011-05-10T13:05:03.444+00:00|17592186044991|2214|2003
2011-06-02T09:49:11.609+00:00|17592186045004|7954|2002
2011-06-14T15:10:43.555+00:00|17592186045029|5039|2003
2011-05-20T21:28:56.593+00:00|17592186045041|5189|2003
2011-06-20T20:33:34.519+00:00|17592186045071|3007|2000
2011-06-29T04:38:33.079+00:00|17592186045169|5042|2005
2011-05-19T07:12:51.102+00:00|17592186045195|4517|2003
2011-06-27T17:58:07.888+00:00|17592186045196|4515|2000
2011-05-13T01:03:46.569+00:00|17592186045201|5171|2009
2011-07-06T13:32:50.491+00:00|17592186045203|2388|2006
2011-05-18T11:34:56.985+00:00|17592186045248|7731|2004
2011-05-10T03:37:23.868+00:00|17592186045284|3177|2001
2011-05-12T13:15:09.820+00:00|17592186045334|6475|2006
2011-06-02T20:36:46.850+00:00|17592186045356|6801|2003
2011-06-08T02:16:42.427+00:00|17592186045364|2453|2002
2011-06-11T23:20:47.287+00:00|17592186045371|6483|2005
2011-06-22T08:51:57.207+00:00|17592186045408|5271|2008
2011-06-25T01:39:38.374+00:00|17592186045488|7951|2007
2011-06-04T06:02:27.463+00:00|17592186045543|5264|2001
2011-05-10T17:29:29.536+00:00|17592186045577|2214|2010
2011-06-05T09:56:32.905+00:00|17592186045589|5983|2000
2011-05-08T21:10:12.449+00:00|17592186045591|5527|2003
2011-05-17T14:20:14.915+00:00|17592186045627|3043|2005
2011-05-12T02:09:01.439+00:00|17592186045670|2990|2010
2011-06-06T21:54:13.860+00:00|17592186045677|1852|2001
2011-06-05T01:41:59.886+00:00|17592186045681|4943|2005
2011-05-13T09:50:25.817+00:00|17592186045695|4516|2002
2011-06-01T07:56:10.284+00:00|17592186045707|1852|2001
2011-06-11T12:02:33.418+00:00|17592186045748|6666|2007
2011-06-08T22:23:50.134+00:00|17592186045804|6805|2000
2011-06-11T18:43:52.204+00:00|17592186045813|2209|2000
2011-06-01T08:35:22.838+00:00|17592186045848|3006|2003
2011-06-01T14:55:28.199+00:00|17592186045875|2205|2003
2011-06-01T02:20:02.816+00:00|17592186045876|3013|2008
2011-06-26T01:11:48.779+00:00|17592186045890|5865|2009
2011-06-12T18:43:04.784+00:00|17592186045913|6198|2007
2011-05-13T15:52:20.643+00:00|17592186045996|2207|2001
2011-06-23T08:23:25.439+00:00|17592186046068|6149|2000
2011-05-26T19:26:04.360+00:00|17592186046075|2828|2005
2011-06-09T05:25:55.203+00:00|17592186046107|4946|2000
2011-07-26T21:41:34.142+00:00|19791209299968|3011|2005
2011-08-04T04:47:58.173+00:00|19791209299987|7953|2005
2011-07-31T00:53:43.370+00:00|19791209300026|4998|2004
2011-08-24T21:32:34.206+00:00|19791209300060|6149|2006
2011-07-18T09:03:42.410+00:00|19791209300072|5523|2007
2011-07-11T01:16:44.238+00:00|19791209300141|2210|2008
2011-07-09T22:38:48.148+00:00|19791209300150|6557|2008
2011-09-03T07:19:48.059+00:00|19791209300156|2828|2007
2011-09-01T08:49:11.999+00:00|19791209300164|2990|2003
2011-08-18T02:58:17.263+00:00|19791209300177|2209|2007
2011-09-04T16:27:00.428+00:00|19791209300182|6485|2006
2011-08-12T05:20:57.958+00:00|19791209300223|2834|2005
2011-07-10T21:04:57.279+00:00|19791209300224|2697|2004
2011-07-11T01:49:19.870+00:00|19791209300225|6554|1999
2011-08-06T10:44:13.396+00:00|19791209300316|5527|2004
2011-08-27T01:58:00.603+00:00|19791209300319|4747|2005
2011-08-20T18:06:42.967+00:00|19791209300333|2213|2003
2011-07-07T21:33:40.386+00:00|19791209300358|5184|2006
2011-08-11T00:48:50.566+00:00|19791209300372|2830|2003
2011-07-30T10:25:25.774+00:00|19791209300374|1849|2001
2011-09-03T05:18:01.041+00:00|19791209300421|3726|2006
2011-08-01T19:44:37.730+00:00|19791209300424|3011|2010
2011-08-10T12:30:56.260+00:00|19791209300453|6558|2009
2011-08-02T20:33:01.065+00:00|19791209300501|5046|2006
2011-09-03T16:48:00.338+00:00|19791209300502|2941|2003
2011-08-17T03:57:08.819+00:00|19791209300504|6346|2006
2011-08-05T13:23:10.023+00:00|19791209300508|2207|2000
2011-07-30T12:22:04.214+00:00|19791209300541|6199|2008
2011-07-23T05:21:32.967+00:00|19791209300571|4749|2004
2011-08-20T05:37:38.812+00:00|19791209300601|2207|1998
2011-08-01T00:51:52.524+00:00|19791209300613|1643|2007
2011-08-08T06:47:05.687+00:00|19791209300650|3010|2002
2011-08-26T23:19:22.264+00:00|19791209300651|1853|2005
2011-08-25T02:12:55.080+00:00|19791209300656|5523|2009
2011-08-29T05:53:03.484+00:00|19791209300744|3015|2008
2011-07-15T05:27:20.456+00:00|19791209300752|6625|2008
2011-07-16T01:20:33.446+00:00|19791209300778|2213|2003
2011-09-06T11:46:22.342+00:00|19791209300782|2946|2003
2011-07-08T15:28:58.682+00:00|19791209300789|2207|2002
2011-07-21T05:51:14.510+00:00|19791209300814|3013|2005
2011-09-04T15:02:39.918+00:00|19791209300828|3007|2007
2011-08-30T21:35:33.462+00:00|19791209300925|1949|1999
2011-08-10T17:14:17.881+00:00|19791209300926|3014|2004
2011-08-30T15:10:14.402+00:00|19791209300953|3013|2009
2011-08-16T15:38:48.366+00:00|19791209300956|3015|2007
2011-07-11T15:19:54.613+00:00|19791209300985|2691|1999
2011-09-03T12:05:03.923+00:00|19791209301021|4750|2007
2011-07-09T17:33:22.869+00:00|19791209301047|5483|2002
2011-08-25T16:54:12.987+00:00|19791209301104|2832|2007
2011-08-03T03:12:25.924+00:00|19791209301186|5047|2007
2011-09-01T06:40:03.766+00:00|19791209301241|2210|2006
2011-07-31T00:02:26.281+00:00|19791209301265|2450|2004
2011-08-01T05:03:42.735+00:00|19791209301317|5529|2008
2011-07-30T14:50:25.705+00:00|19791209301322|5047|2006
2011-08-26T20:59:31.267+00:00|19791209301378|3006|2005
2011-07-16T03:19:07.135+00:00|19791209301404|1578|2004
2011-07-22T09:24:02.509+00:00|19791209301431|6163|2000
2011-08-28T11:09:19.397+00:00|19791209301454|4939|2008
2011-07-15T01:08:03.367+00:00|19791209301495|4743|2010
2011-08-09T14:28:40.499+00:00|19791209301511|2176|2004
2011-08-22T09:02:37.106+00:00|19791209301531|3013|2008
2011-08-26T03:13:35.168+00:00|19791209301538|6476|2008
2011-07-23T00:11:56.088+00:00|19791209301568|2210|2009
2011-08-07T15:26:45.591+00:00|19791209301580|3011|2001
2011-07-28T09:34:13.514+00:00|19791209301603|5496|2010
2011-08-22T14:54:41.520+00:00|19791209301666|6393|2006
2011-10-06T01:23:31.981+00:00|21990232555526|2209|2007
2011-10-17T04:08:45.182+00:00|21990232555527|2208|2005
2011-10-17T16:11:07.791+00:00|21990232555631|2205|2006
2011-09-09T04:22:53.515+00:00|21990232555636|3010|2005
2011-10-19T04:40:44.705+00:00|21990232555642|3008|2003
2011-09-09T21:21:05.079+00:00|21990232555711|5528|2002
2011-09-12T00:01:30.742+00:00|21990232555748|2649|2008
2011-09-13T20:56:48.420+00:00|21990232555781|5988|2005
2011-09-16T07:59:50.305+00:00|21990232555802|4991|2004
2011-10-16T02:32:13.851+00:00|21990232555811|3238|2006
2011-09-18T16:03:21.064+00:00|21990232555820|3007|2003
2011-10-26T14:13:51.023+00:00|21990232555847|5183|2003
2011-10-12T13:10:44.755+00:00|21990232555852|2214|2008
2011-10-03T01:29:48.001+00:00|21990232555855|6393|1998
2011-10-28T14:04:45.205+00:00|21990232555880|3012|1999
2011-10-13T08:26:26.304+00:00|21990232555921|2834|1999
2011-10-23T01:08:51.008+00:00|21990232556019|3007|2004
2011-10-03T08:42:56.287+00:00|21990232556030|2434|2002
2011-09-07T04:24:49.372+00:00|21990232556032|2206|2001
2011-10-26T19:55:13.777+00:00|21990232556036|4991|2000
2011-10-30T08:22:51.951+00:00|21990232556052|2829|2009
2011-09-18T02:40:31.062+00:00|21990232556059|1806|2002
2011-10-12T10:20:47.610+00:00|21990232556064|5596|2011
2011-10-29T10:27:46.386+00:00|21990232556083|3007|2000
2011-10-10T05:30:25.285+00:00|21990232556107|2213|2011
2011-10-18T13:10:31.243+00:00|21990232556121|3006|2001
2011-11-05T01:24:09.054+00:00|21990232556130|7941|2002
2011-09-30T03:59:36.392+00:00|21990232556140|5039|2006
2011-10-10T05:33:46.572+00:00|21990232556172|6439|2007
2011-09-21T05:53:46.319+00:00|21990232556176|2208|1999
2011-09-07T05:02:25.381+00:00|21990232556183|3007|2001
2011-10-01T08:26:18.866+00:00|21990232556187|6407|2003
2011-10-29T11:28:31.478+00:00|21990232556205|5947|2010
2011-09-13T19:32:45.807+00:00|21990232556212|1613|2002
2011-09-24T13:45:52.717+00:00|21990232556230|6441|2007
2011-09-30T05:11:50.835+00:00|21990232556235|3015|2008
2011-10-27T20:47:17.413+00:00|21990232556238|2211|2001
2011-10-18T03:57:46.974+00:00|21990232556240|2206|2008
2011-10-16T23:24:46.735+00:00|21990232556241|3010|1999
2011-09-17T19:38:15.987+00:00|21990232556251|4991|2007
2011-10-05T07:28:34.467+00:00|21990232556266|1961|2003
2011-09-22T16:19:14.251+00:00|21990232556269|4943|2006
2011-09-30T04:17:56.991+00:00|21990232556301|6309|2005
2011-10-11T07:37:57.632+00:00|21990232556302|6800|1998
2011-10-06T20:26:13.355+00:00|21990232556335|2213|2002
2011-09-24T22:49:29.486+00:00|21990232556360|5038|2002
2011-09-07T21:56:53.016+00:00|21990232556367|6668|2003
2011-10-13T03:58:19.453+00:00|21990232556387|6344|2007
2011-10-19T04:30:25.141+00:00|21990232556445|1605|1999
2011-10-22T12:21:39.391+00:00|21990232556488|2210|2006
2011-09-08T11:22:15.224+00:00|21990232556493|5143|2002
2011-10-10T19:14:04.682+00:00|21990232556511|2211|2009
2011-10-11T09:56:59.162+00:00|21990232556531|5267|2000
2011-11-03T05:00:41.010+00:00|21990232556540|3013|2007
2011-09-19T03:58:14.784+00:00|21990232556558|2206|2010
2011-10-11T18:01:09.749+00:00|21990232556562|2449|2010
2011-09-26T07:06:32.768+00:00|21990232556604|2213|2007
2011-10-16T18:54:45.142+00:00|21990232556617|2385|2000
2011-10-28T03:34:31.651+00:00|21990232556618|2436|2008
2011-09-22T01:12:10.340+00:00|21990232556635|1811|2003
2011-09-30T08:13:17.810+00:00|21990232556641|2203|2002
2011-10-19T10:43:39.110+00:00|21990232556711|2827|2004
2011-11-01T00:38:36.171+00:00|21990232556739|2946|2009
2011-10-05T13:13:09.920+00:00|21990232556763|3008|2004
2011-09-07T10:20:27.842+00:00|21990232556792|1990|2010
2011-10-15T02:35:40.448+00:00|21990232556820|2209|2008
2011-10-13T23:54:45.935+00:00|21990232556823|4996|2001
2011-09-24T20:42:01.382+00:00|21990232556850|2647|2005
2011-09-08T02:01:13.326+00:00|21990232556856|2638|2002
2011-10-19T02:03:59.150+00:00|21990232556858|2986|2002
2011-09-30T22:07:45.943+00:00|21990232556898|3012|2003
2011-10-18T14:56:25.391+00:00|21990232556972|2213|2002
2011-09-11T23:54:05.271+00:00|21990232556984|4743|2007
2011-09-07T23:18:51.474+00:00|21990232557010|6799|2003
2011-10-26T21:58:09.194+00:00|21990232557019|4749|2009
2011-10-21T02:53:11.518+00:00|21990232557028|2383|2005
2011-10-09T03:45:04.496+00:00|21990232557041|2207|2007
2011-09-29T01:13:27.015+00:00|21990232557043|4992|2005
2011-09-11T03:47:11.119+00:00|21990232557053|6799|2004
2011-10-08T19:14:24.876+00:00|21990232557062|3013|2008
2011-10-17T12:57:03.116+00:00|21990232557110|4751|2010
2011-09-23T21:25:15.350+00:00|21990232557140|3012|2005
2011-10-07T06:19:36.786+00:00|21990232557153|5985|2007
2011-11-02T03:06:49.555+00:00|21990232557164|1984|2007
2011-10-21T11:28:29.475+00:00|21990232557184|6197|2003
2012-01-02T01:21:20.107+00:00|24189255811104|5047|2000
2012-01-05T08:24:07.850+00:00|24189255811142|2205|2004
2012-01-04T10:50:12.498+00:00|24189255811148|6199|2009
2011-11-09T01:53:51.580+00:00|24189255811154|5147|2003
2011-11-09T02:53:00.261+00:00|24189255811168|2205|2001
2011-11-30T22:46:28.337+00:00|24189255811171|2206|1999
2011-12-28T01:43:39.514+00:00|24189255811175|4941|2009
2011-11-30T20:08:48.811+00:00|24189255811178|1850|2009
2011-12-14T18:36:07.317+00:00|24189255811180|5177|2003
2011-12-12T11:26:50.588+00:00|24189255811236|2833|2002
2011-12-20T12:37:14.424+00:00|24189255811282|2208|2006
2011-11-29T13:34:38.780+00:00|24189255811323|5146|2003
2011-11-15T05:55:53.804+00:00|24189255811326|1849|2005
2011-12-18T04:02:09.396+00:00|24189255811361|5806|2007
2011-12-23T13:13:24.054+00:00|24189255811413|3220|2005
2011-12-15T17:06:40.143+00:00|24189255811415|2212|2001
2011-11-30T16:06:48.572+00:00|24189255811431|1857|2003
2011-12-31T19:06:57.054+00:00|24189255811433|7895|2000
2011-12-16T06:00:34.363+00:00|24189255811512|4991|2006
2011-11-17T04:54:07.162+00:00|24189255811539|5044|2006
2011-11-14T12:19:34.728+00:00|24189255811577|5270|2001
2011-12-29T08:44:39.045+00:00|24189255811622|2986|2006
2011-12-10T17:41:10.929+00:00|24189255811643|1981|2008
2011-11-13T00:30:53.393+00:00|24189255811649|5235|2005
2011-12-11T20:41:32.729+00:00|24189255811684|3013|2006
2011-11-24T04:56:54.514+00:00|24189255811723|1577|2000
2011-11-14T13:12:40.635+00:00|24189255811738|5271|2001
2011-11-09T14:25:01.830+00:00|24189255811756|2207|2008
2011-12-22T13:45:06.111+00:00|24189255811765|6801|2008
2011-12-09T01:37:05.462+00:00|24189255811783|7899|2004
2012-01-04T10:38:08.302+00:00|24189255811799|5870|2007
2011-12-26T12:11:09.098+00:00|24189255811875|3009|2005
2011-11-28T05:36:59.842+00:00|24189255811896|1838|2003
2011-11-24T04:26:16.387+00:00|24189255811905|5141|2001
2011-11-19T11:30:32.158+00:00|24189255811917|2447|1998
2012-01-04T00:50:08.629+00:00|24189255811930|2990|2007
2011-11-16T21:12:07.377+00:00|24189255811971|7951|2010
2011-12-27T17:38:14.432+00:00|24189255811993|6475|2005
2012-01-01T18:27:02.874+00:00|24189255811996|3209|2009
2011-11-08T10:40:00.522+00:00|24189255812004|1850|2002
2011-12-12T00:43:25.067+00:00|24189255812036|3013|2002
2012-01-07T04:36:08.700+00:00|24189255812037|2441|2003
2011-12-25T13:32:58.558+00:00|24189255812042|2209|2003
2011-12-16T12:48:13.777+00:00|24189255812066|4143|1999
2011-11-10T21:58:05.069+00:00|24189255812068|4750|2002
2011-11-20T07:46:51.987+00:00|24189255812078|3012|2004
2012-01-05T09:33:51.473+00:00|24189255812099|2449|2006
2011-12-08T11:10:23.389+00:00|24189255812134|6138|2005
2011-11-18T06:31:09.849+00:00|24189255812145|5270|2007
2011-11-25T07:42:16.349+00:00|24189255812158|1854|2003
2011-12-20T22:35:48.323+00:00|24189255812164|3007|2001
2011-11-20T11:50:39.404+00:00|24189255812167|2835|2006
2011-11-18T21:49:14.369+00:00|24189255812205|2832|2008
2011-11-13T09:39:26.047+00:00|24189255812238|7874|2000
2011-11-14T03:19:16.434+00:00|24189255812253|2211|2009
2011-11-27T12:19:50.403+00:00|24189255812278|6803|2006
2011-12-01T17:09:18.568+00:00|24189255812301|6799|2003
2011-11-18T02:03:12.675+00:00|24189255812361|5529|2005
2011-11-08T03:19:42.870+00:00|24189255812380|1857|2009
2011-12-20T04:34:57.741+00:00|24189255812389|2206|2009
2011-11-26T19:26:50.679+00:00|24189255812458|4990|2004
2011-12-30T16:42:09.596+00:00|24189255812468|3006|2004
2011-12-29T23:51:41.853+00:00|24189255812476|5235|2006
2011-11-06T23:53:00.488+00:00|24189255812506|5819|2001
2011-11-19T07:05:23.514+00:00|24189255812511|3514|2007
2011-12-11T23:18:46.844+00:00|24189255812512|5154|2009
2011-11-30T19:33:31.403+00:00|24189255812528|5988|2010
2011-12-14T21:21:10.800+00:00|24189255812540|2431|1999
2011-11-26T20:07:22.010+00:00|24189255812554|1597|2002
2011-12-18T19:30:13.027+00:00|24189255812556|3009|2003
2011-12-09T09:08:07.411+00:00|24189255812561|5272|2000
2011-12-16T18:39:15.082+00:00|24189255812596|5039|2010
2011-11-24T17:34:21.074+00:00|24189255812612|2209|2002
2011-12-19T17:51:03.725+00:00|24189255812623|3014|2001
2011-12-22T03:08:15.963+00:00|24189255812671|6796|2006
2011-12-07T13:49:03.784+00:00|24189255812681|4515|2002
2011-12-21T15:36:40.319+00:00|24189255812685|2438|2003
2011-11-30T11:24:26.863+00:00|24189255812719|1853|2005
2011-11-21T23:21:52.478+00:00|24189255812726|2522|2009
2011-12-09T04:15:10.725+00:00|24189255812741|7898|2005
2011-12-14T15:42:30.127+00:00|24189255812761|2368|2004
2011-12-26T07:18:30.662+00:00|24189255812762|5156|2007
2012-01-10T19:44:54.406+00:00|26388279066632|1580|2005
2012-01-12T23:55:02.878+00:00|26388279066641|5142|2001
2012-01-13T23:46:22.926+00:00|26388279066650|3008|2005
2012-01-15T23:38:18.486+00:00|26388279066660|3008|2008
2012-02-18T18:25:36.352+00:00|26388279066708|6617|2002
2012-02-04T06:55:23.582+00:00|26388279066736|3012|2004
2012-01-14T10:38:43.237+00:00|26388279066771|3232|2003
2012-03-03T04:04:19.457+00:00|26388279066772|2206|2007
2012-02-15T05:34:31.323+00:00|26388279066773|2561|2000
2012-02-10T10:54:27.615+00:00|26388279066795|3012|2000
2012-02-24T22:09:25.679+00:00|26388279066926|5941|2007
2012-02-03T02:02:43.417+00:00|26388279066936|2211|2007
2012-02-25T03:21:00.636+00:00|26388279066944|6801|2008
2012-01-14T13:39:25.666+00:00|26388279067001|6493|2007
2012-03-02T12:41:56.534+00:00|26388279067003|2206|2005
2012-01-19T07:15:50.843+00:00|26388279067029|2206|2000
2012-01-20T19:24:47.802+00:00|26388279067078|2832|2004
2012-02-10T16:55:39.240+00:00|26388279067108|2178|2000
2012-01-18T05:28:42.466+00:00|26388279067176|5524|2003
2012-03-02T00:14:47.739+00:00|26388279067202|2214|2008
2012-01-17T19:40:01.493+00:00|26388279067204|6549|2002
2012-02-17T02:38:20.669+00:00|26388279067210|7947|2007
2012-02-11T18:07:33.783+00:00|26388279067232|2563|2006
2012-01-16T10:03:54.902+00:00|26388279067240|5267|2007
2012-03-02T23:43:28.046+00:00|26388279067248|3012|2000
2012-02-29T12:45:52.098+00:00|26388279067293|4998|2007
2012-03-06T07:18:10.155+00:00|26388279067321|2491|2002
2012-02-16T20:58:31.221+00:00|26388279067353|2483|2003
2012-01-07T11:44:11.194+00:00|26388279067357|5233|2001
2012-01-31T15:51:25.717+00:00|26388279067382|3014|2007
2012-03-05T23:23:36.692+00:00|26388279067426|5982|2007
2012-03-08T06:52:46.087+00:00|26388279067437|5458|2001
2012-01-28T22:18:37.876+00:00|26388279067467|6350|2008
2012-02-23T10:43:57.780+00:00|26388279067480|3008|2009
2012-01-16T17:47:34.457+00:00|26388279067496|2644|2008
2012-01-11T14:36:26.465+00:00|26388279067521|2211|2006
2012-02-03T16:36:53.081+00:00|26388279067552|3012|2002
2012-01-31T12:02:09.740+00:00|26388279067553|2383|2008
2012-01-19T18:44:39.730+00:00|26388279067554|5945|1999
2012-02-14T13:40:17.352+00:00|26388279067562|3006|2003
2012-02-29T22:53:10.672+00:00|26388279067637|2211|2007
2012-01-11T00:08:47.318+00:00|26388279067660|4743|2009
2012-02-09T16:16:16.831+00:00|26388279067664|1988|2005
2012-02-10T21:19:46.486+00:00|26388279067684|2834|2001
2012-01-10T17:19:42.887+00:00|26388279067685|2208|1998
2012-01-09T04:58:20.960+00:00|26388279067726|2178|2000
2012-03-05T18:41:56.167+00:00|26388279067742|3008|2007
2012-03-05T17:30:17.294+00:00|26388279067748|4519|2006
2012-02-15T18:56:13.404+00:00|26388279067761|2983|2008
2012-02-14T09:41:03.236+00:00|26388279067773|2385|2007
2012-03-04T09:23:01.186+00:00|26388279067781|3012|2002
2012-02-22T03:47:12.246+00:00|26388279067850|7951|2006
2012-02-29T23:12:56.755+00:00|26388279067874|4991|2000
2012-01-31T17:21:51.704+00:00|26388279067881|7942|2004
2012-02-20T23:53:20.507+00:00|26388279067920|5337|2004
2012-01-16T04:55:36.068+00:00|26388279067933|6014|2008
2012-01-11T04:06:48.432+00:00|26388279067987|5984|2000
2012-01-29T02:21:15.943+00:00|26388279067991|4518|2002
2012-02-18T09:00:51.517+00:00|26388279067997|6671|2005
2012-01-16T15:39:10.481+00:00|26388279068003|1610|2009
2012-02-10T22:08:48.108+00:00|26388279068153|4991|2007
2012-02-11T11:59:55.424+00:00|26388279068184|3014|1998
2012-03-05T21:05:03.813+00:00|26388279068185|3008|2006
2012-01-23T19:13:10.233+00:00|26388279068195|1849|2005
2012-03-06T12:03:57.976+00:00|26388279068219|3010|2003
2012-02-06T06:06:03.326+00:00|26388279068245|4517|2002
2012-02-28T07:37:29.319+00:00|26388279068275|1981|2008
2012-02-22T19:53:51.043+00:00|26388279068302|2205|2004
2012-03-30T10:11:12.788+00:00|28587302322180|7936|2005
2012-03-19T21:30:34.350+00:00|28587302322191|2208|1999
2012-03-13T15:16:08.597+00:00|28587302322196|5036|2007
2012-04-03T23:48:20.278+00:00|28587302322216|1856|2007
2012-03-22T07:44:22.959+00:00|28587302322225|3008|2001
2012-03-08T23:01:53.164+00:00|28587302322227|4940|2010
2012-04-04T01:29:55.817+00:00|28587302322290|7895|2008
2012-04-04T14:44:11.477+00:00|28587302322293|1815|2001
2012-03-16T02:49:47.324+00:00|28587302322297|6622|2004
2012-04-03T00:14:45.327+00:00|28587302322307|4747|2001
2012-03-14T10:04:58.982+00:00|28587302322311|3012|2001
2012-03-31T01:21:52.814+00:00|28587302322395|2832|2000
2012-03-25T21:14:10.888+00:00|28587302322396|2693|2005
2012-04-24T04:41:53.880+00:00|28587302322398|5267|2000
2012-03-23T18:48:52.004+00:00|28587302322403|2206|2002
2012-04-08T00:38:02.986+00:00|28587302322456|2205|2007
2012-04-29T19:30:39.694+00:00|28587302322483|4991|2004
2012-04-22T11:59:51.721+00:00|28587302322491|5157|2007
2012-03-29T14:00:11.214+00:00|28587302322495|5187|2007
2012-03-29T15:54:17.119+00:00|28587302322516|3012|2008
2012-05-03T20:29:31.774+00:00|28587302322534|2181|2001
2012-04-09T07:53:48.511+00:00|28587302322542|7943|2001
2012-04-23T20:03:09.264+00:00|28587302322552|3013|2004
2012-05-04T12:14:57.547+00:00|28587302322562|2979|2004
2012-04-19T05:29:01.929+00:00|28587302322594|3012|2000
2012-04-09T04:04:11.103+00:00|28587302322603|3013|2004
2012-05-06T18:39:01.854+00:00|28587302322645|7901|2005
2012-04-23T16:29:11.366+00:00|28587302322664|5046|1998
2012-03-26T12:52:27.447+00:00|28587302322668|2207|2009
2012-04-10T11:08:14.407+00:00|28587302322697|4589|2004
2012-04-21T19:19:25.048+00:00|28587302322698|3585|2002
2012-04-16T17:04:48.813+00:00|28587302322713|4954|2009
2012-03-12T17:49:38.702+00:00|28587302322758|5528|2002
2012-05-01T20:52:09.826+00:00|28587302322760|5988|2004
2012-04-19T07:45:29.444+00:00|28587302322766|1578|2003
2012-03-30T08:48:45.947+00:00|28587302322797|7893|2004
2012-03-24T22:07:58.396+00:00|28587302322805|3012|2002
2012-04-09T04:53:56.827+00:00|28587302322808|2298|2007
2012-04-15T07:13:47.343+00:00|28587302322810|2380|2005
2012-04-25T20:15:38.655+00:00|28587302322838|2649|2002
2012-04-02T11:45:54.472+00:00|28587302322840|4947|2009
2012-03-16T05:20:06.594+00:00|28587302322879|2209|2004
2012-03-12T12:28:39.028+00:00|28587302322885|5521|2010
2012-05-03T16:45:11.045+00:00|28587302322904|3014|2003
2012-03-22T14:44:41.024+00:00|28587302322920|1607|2008
2012-03-25T21:33:33.141+00:00|28587302322921|3006|2006
2012-04-05T15:07:52.116+00:00|28587302322947|2210|2008
2012-05-01T03:02:07.125+00:00|28587302323003|1839|2005
2012-04-03T13:29:54.621+00:00|28587302323090|5869|2007
2012-03-29T13:58:54.661+00:00|28587302323099|4946|2002
2012-04-01T18:39:26.890+00:00|28587302323115|5503|2009
2012-04-22T15:48:39.443+00:00|28587302323130|2693|2002
2012-04-07T04:06:22.014+00:00|28587302323163|5234|2005
2012-04-26T15:14:21.245+00:00|28587302323188|5947|2005
2012-04-20T19:59:33.580+00:00|28587302323205|6673|2009
2012-05-01T09:46:40.125+00:00|28587302323208|3221|2006
2012-03-31T22:09:41.388+00:00|28587302323209|2208|1998
2012-04-08T08:08:29.907+00:00|28587302323283|3010|2001
2012-05-01T10:53:27.224+00:00|28587302323308|3007|2007
2012-04-22T06:26:49.831+00:00|28587302323314|5501|2009
2012-03-12T17:58:49.605+00:00|28587302323330|3010|2005
2012-04-24T17:23:42.603+00:00|28587302323340|2180|2005
2012-04-27T20:49:59.799+00:00|28587302323346|2205|2009
2012-04-23T16:28:12.156+00:00|28587302323360|6308|2001
2012-05-05T06:28:25.565+00:00|28587302323378|2214|2001
2012-04-08T06:43:15.248+00:00|28587302323389|4674|2005
2012-04-29T15:13:33.437+00:00|28587302323401|1851|2007
2012-03-21T03:41:54.424+00:00|28587302323416|5001|2006
2012-03-31T21:35:42.505+00:00|28587302323537|2209|2002
2012-03-09T18:59:56.488+00:00|28587302323545|2829|2003
2012-04-23T21:41:29.736+00:00|28587302323559|2209|2003
2012-03-15T18:01:40.474+00:00|28587302323565|2209|2008
2012-03-30T03:16:36.416+00:00|28587302323583|7954|2008
2012-03-31T21:33:22.494+00:00|28587302323609|6433|2002
2012-05-04T17:53:08.260+00:00|28587302323633|2206|2001
2012-04-15T12:15:08.210+00:00|28587302323659|2647|2008
2012-03-12T23:25:39.674+00:00|28587302323691|2987|2008
2012-05-07T21:51:50.079+00:00|28587302323720|2211|2006
2012-04-07T04:27:53.958+00:00|28587302323752|2212|2007
2012-05-01T04:28:45.511+00:00|28587302323795|1581|2004
2012-03-20T05:32:35.203+00:00|28587302323802|4942|2003
2012-03-18T22:13:58.935+00:00|28587302323807|5525|2006
2012-04-19T18:42:59.164+00:00|28587302323848|1950|2010
2012-07-03T00:55:16.938+00:00|30786325577731|5986|2003
2012-06-26T12:37:35.179+00:00|30786325577740|2435|2008
2012-05-19T23:01:26.795+00:00|30786325577790|2645|2002
2012-05-15T05:55:29.659+00:00|30786325577795|5526|2005
2012-06-16T10:16:57.783+00:00|30786325577809|5042|2004
2012-06-15T11:40:07.565+00:00|30786325577896|4592|2000
2012-05-31T18:42:15.991+00:00|30786325577906|4994|2007
2012-06-29T04:30:30.566+00:00|30786325577918|1583|1998
2012-06-30T06:05:02.526+00:00|30786325577988|7899|2001
2012-05-12T06:08:09.283+00:00|30786325577994|6396|2009
2012-06-25T19:29:03.325+00:00|30786325578002|5047|2000
2012-06-19T13:43:49.008+00:00|30786325578006|2830|2011
2012-06-24T15:20:10.750+00:00|30786325578070|6323|2002
2012-07-04T06:15:35.636+00:00|30786325578073|2455|2003
2012-06-02T07:14:11.226+00:00|30786325578096|6435|2005
2012-06-05T00:56:36.109+00:00|30786325578098|3015|2006
2012-05-24T06:53:13.250+00:00|30786325578101|2386|2007
2012-06-23T00:21:45.495+00:00|30786325578120|3008|2001
2012-06-04T11:52:11.717+00:00|30786325578144|5148|2000
2012-06-19T22:28:04.308+00:00|30786325578177|5686|2001
2012-05-28T06:54:04.279+00:00|30786325578185|5986|2003
2012-06-25T08:11:41.077+00:00|30786325578190|1576|1999
2012-05-24T22:14:28.035+00:00|30786325578202|3010|2001
2012-05-20T22:53:57.815+00:00|30786325578241|2650|2007
2012-06-26T14:13:12.862+00:00|30786325578279|6801|2003
2012-05-28T06:13:36.601+00:00|30786325578300|4750|2008
2012-06-26T11:42:07.082+00:00|30786325578333|5188|2000
2012-05-22T11:23:28.150+00:00|30786325578339|5802|2008
2012-05-18T22:08:00.732+00:00|30786325578364|2209|1999
2012-05-12T03:50:52.190+00:00|30786325578370|2829|2003
2012-07-02T19:49:37.760+00:00|30786325578526|2207|2002
2012-06-01T05:05:32.951+00:00|30786325578528|5988|2001
2012-06-05T00:28:14.859+00:00|30786325578533|3014|2007
2012-06-11T08:21:13.576+00:00|30786325578557|6478|2002
2012-06-23T05:27:38.557+00:00|30786325578576|2827|2006
2012-07-04T06:24:29.078+00:00|30786325578598|2945|2006
2012-06-24T06:20:16.087+00:00|30786325578606|5864|2001
2012-05-10T03:17:36.964+00:00|30786325578612|2210|2010
2012-06-20T16:09:56.056+00:00|30786325578671|5944|2001
2012-06-05T02:19:04.932+00:00|30786325578689|5943|2008
2012-05-17T03:19:48.194+00:00|30786325578699|2213|2006
2012-06-21T00:24:57.539+00:00|30786325578717|2248|2007
2012-06-08T16:09:56.782+00:00|30786325578726|2178|2006
2012-06-19T07:55:29.369+00:00|30786325578736|3006|2011
2012-06-10T09:14:46.793+00:00|30786325578744|2527|2007
2012-06-26T16:32:02.918+00:00|30786325578777|2833|2008
2012-05-25T04:19:53.343+00:00|30786325578829|3009|2006
2012-06-08T20:08:09.508+00:00|30786325578859|3239|2007
2012-06-01T16:02:56.235+00:00|30786325578867|6306|2009
2012-06-23T20:13:32.317+00:00|30786325578881|2945|2002
2012-05-24T22:53:24.057+00:00|30786325578905|2382|2007
2012-05-20T19:35:03.328+00:00|30786325578929|3011|1998
2012-05-27T15:22:03.416+00:00|30786325578933|2356|2005
2012-05-28T14:35:11.533+00:00|30786325578944|4512|2002
2012-06-06T16:07:04.812+00:00|30786325578948|1857|2001
2012-05-24T16:15:21.529+00:00|30786325578959|2487|2003
2012-05-25T20:52:45.650+00:00|30786325578981|2834|2000
2012-06-11T10:20:52.554+00:00|30786325578988|6169|2006
2012-06-05T23:31:48.941+00:00|30786325579035|2982|1998
2012-06-24T09:17:09.929+00:00|30786325579070|2943|2002
2012-06-11T15:16:22.485+00:00|30786325579118|4750|2002
2012-05-25T16:29:52.875+00:00|30786325579123|2213|2003
2012-05-31T20:19:56.414+00:00|30786325579147|5487|2002
2012-07-05T08:17:23.304+00:00|30786325579172|5979|2008
2012-06-17T13:52:01.060+00:00|30786325579189|6433|2001
2012-06-19T16:40:58.110+00:00|30786325579197|4515|2009
2012-05-28T14:44:04.441+00:00|30786325579221|2211|2003
2012-06-10T08:03:10.029+00:00|30786325579231|2555|2004
2012-05-11T10:05:37.150+00:00|30786325579234|5521|2005
2012-06-12T05:24:14.045+00:00|30786325579248|2381|1998
2012-05-27T05:01:47.792+00:00|30786325579250|4751|2005
2012-07-06T06:16:29.732+00:00|30786325579256|3060|2006
2012-07-08T01:20:17.123+00:00|30786325579297|3434|2006
2012-06-03T10:59:24.807+00:00|30786325579404|2212|2008
2012-05-15T09:22:35.299+00:00|30786325579405|2385|2004
2012-09-05T01:03:26.184+00:00|32985348833291|2211|2001
2012-08-09T16:46:38.012+00:00|32985348833353|2206|2001
2012-08-11T11:50:56.011+00:00|32985348833359|5866|1998
2012-07-24T00:45:24.128+00:00|32985348833375|1600|2008
2012-08-05T14:57:30.371+00:00|32985348833455|2213|2008
2012-09-02T17:59:54.329+00:00|32985348833479|5265|2001
2012-08-22T20:40:15.842+00:00|32985348833481|6620|2001
2012-09-02T01:55:08.465+00:00|32985348833483|2207|2004
2012-09-06T22:58:26.284+00:00|32985348833485|2207|2009
2012-07-09T20:01:51.642+00:00|32985348833491|2944|2006
2012-09-05T22:10:28.265+00:00|32985348833492|6622|2001
2012-08-29T19:27:33.117+00:00|32985348833515|4524|2005
2012-09-03T11:55:49.298+00:00|32985348833517|2214|2005
2012-07-12T02:16:52.683+00:00|32985348833543|3013|2008
2012-07-27T14:24:34.876+00:00|32985348833556|2694|2008
2012-07-25T08:39:48.420+00:00|32985348833559|7900|2002
2012-08-31T04:29:23.811+00:00|32985348833576|4517|2009
2012-07-26T10:57:41.373+00:00|32985348833578|1953|1999
2012-08-03T21:58:08.234+00:00|32985348833584|3008|1999
2012-08-29T02:59:47.287+00:00|32985348833585|5236|2001
2012-08-05T00:00:16.800+00:00|32985348833610|4940|1999
2012-08-30T04:42:42.682+00:00|32985348833637|7893|2009
2012-07-13T21:17:20.783+00:00|32985348833673|5269|1999
2012-08-14T09:10:10.657+00:00|32985348833688|3006|2006
2012-08-10T10:42:19.638+00:00|32985348833719|4954|2001
2012-08-10T00:04:15.766+00:00|32985348833732|2207|2002
2012-08-11T02:14:33.048+00:00|32985348833746|3007|2003
2012-07-20T16:44:18.025+00:00|32985348833781|6416|2001
2012-08-30T19:29:04.407+00:00|32985348833804|5947|2001
2012-08-08T22:39:32.499+00:00|32985348833838|6148|2003
2012-07-14T02:25:38.770+00:00|32985348833847|7899|2009
2012-08-22T08:18:31.019+00:00|32985348833861|2389|2010
2012-09-07T19:55:33.298+00:00|32985348833938|3009|2007
2012-08-21T15:15:30.350+00:00|32985348833950|1855|2005
2012-07-23T07:38:37.376+00:00|32985348833966|6667|2004
2012-08-20T03:41:53.932+00:00|32985348833999|1612|2003
2012-09-04T10:03:02.485+00:00|32985348834006|2207|2009
2012-08-04T08:32:36.474+00:00|32985348834010|3007|2007
2012-08-02T12:05:49.035+00:00|32985348834072|2208|2010
2012-08-08T15:42:18.035+00:00|32985348834129|2490|2006
2012-07-12T14:27:43.364+00:00|32985348834162|4596|2006
2012-07-15T02:27:15.813+00:00|32985348834214|3006|2007
2012-07-28T15:27:32.293+00:00|32985348834242|2279|2010
2012-07-21T09:01:34.317+00:00|32985348834254|2835|2010
2012-07-24T14:02:01.827+00:00|32985348834257|6204|2000
2012-09-03T12:00:50.090+00:00|32985348834321|3015|2007
2012-09-06T21:29:48.235+00:00|32985348834350|4518|2003
2012-07-14T04:12:18.112+00:00|32985348834355|2211|2000
2012-08-21T13:17:53.373+00:00|32985348834363|4951|2009
2012-08-14T01:24:22.514+00:00|32985348834386|2692|2007
2012-08-17T19:57:18.631+00:00|32985348834502|4960|2003
2012-08-11T10:31:53.714+00:00|32985348834507|2486|2002
2012-09-01T12:17:49.511+00:00|32985348834561|2207|2005
2012-08-15T02:34:15.507+00:00|32985348834567|5171|2003
2012-08-29T18:26:33.643+00:00|32985348834574|4516|2006
2012-09-08T11:54:11.495+00:00|32985348834672|3007|2001
2012-08-31T14:16:17.748+00:00|32985348834680|3007|2003
2012-07-23T22:51:13.634+00:00|32985348834696|2438|2006
2012-07-29T08:02:36.427+00:00|32985348834756|5800|2008
2012-07-11T16:56:52.423+00:00|32985348834775|2478|2003
2012-07-12T20:44:23.123+00:00|32985348834789|5144|2007
2012-08-24T06:03:27.194+00:00|32985348834814|7898|2001
2012-07-13T02:10:09.452+00:00|32985348834852|3009|2002
2012-09-03T01:14:14.922+00:00|32985348834871|2987|2002
2012-08-04T18:47:25.884+00:00|32985348834886|6344|2008
2012-08-03T11:19:42.748+00:00|32985348834914|1582|2009
2012-07-18T23:10:52.724+00:00|32985348834928|6804|2008
2012-07-29T01:30:30.480+00:00|32985348834955|3011|2003
2012-07-28T12:46:18.006+00:00|32985348834959|5984|2003
2012-10-01T22:01:51.812+00:00|35184372088834|4519|2008
2012-11-03T10:03:45.388+00:00|35184372088850|6172|2000
2012-11-04T03:31:15.404+00:00|35184372088856|2208|2000
2012-10-13T01:00:50.125+00:00|35184372088910|2983|2006
2012-10-01T15:32:08.185+00:00|35184372088955|5503|2003
2012-10-14T16:51:26.647+00:00|35184372088972|6671|2008
2012-10-25T01:52:45.202+00:00|35184372088984|2211|2009
2012-11-08T18:56:37.007+00:00|35184372088985|6148|2001
2012-09-14T18:57:33.987+00:00|35184372088997|3011|2005
2012-10-05T23:48:34.789+00:00|35184372089012|7940|2003
2012-10-21T19:40:53.183+00:00|35184372089039|4520|2001
2012-09-21T04:25:56.368+00:00|35184372089075|6595|2001
2012-09-15T09:37:30.336+00:00|35184372089100|4946|2000
2012-10-24T11:51:20.174+00:00|35184372089126|3006|2002
2012-10-10T16:32:44.577+00:00|35184372089133|1857|2007
2012-09-18T08:31:17.173+00:00|35184372089170|4519|2005
2012-10-23T08:09:14.708+00:00|35184372089257|7951|2003
2012-10-06T02:53:35.696+00:00|35184372089265|7900|2004
2012-10-17T17:27:31.911+00:00|35184372089270|1953|2007
2012-09-20T21:21:17.691+00:00|35184372089275|6150|2004
2012-09-13T05:37:10.324+00:00|35184372089300|6487|2006
2012-09-13T15:23:13.440+00:00|35184372089362|2649|2004
2012-09-13T14:56:55.860+00:00|35184372089367|2554|2002
2012-10-06T10:31:30.077+00:00|35184372089370|1801|2003
2012-09-18T05:55:04.081+00:00|35184372089378|5982|2003
2012-10-19T03:10:40.303+00:00|35184372089406|1642|2005
2012-10-04T08:21:46.117+00:00|35184372089415|2209|2004
2012-10-10T01:23:11.352+00:00|35184372089426|5155|2005
2012-09-16T15:20:17.538+00:00|35184372089429|2205|2001
2012-10-16T17:03:52.524+00:00|35184372089449|6394|2006
2012-10-10T05:12:53.531+00:00|35184372089511|2212|2001
2012-09-23T14:06:10.074+00:00|35184372089586|3010|1998
2012-09-18T07:29:39.538+00:00|35184372089609|7954|2002
2012-10-26T22:56:48.653+00:00|35184372089633|2555|2001
2012-09-17T13:54:49.133+00:00|35184372089668|1850|2006
2012-09-28T09:57:06.717+00:00|35184372089685|3012|2005
2012-09-18T03:43:16.484+00:00|35184372089698|2212|2004
2012-11-04T18:27:36.745+00:00|35184372089719|5235|2005
2012-10-20T05:34:38.098+00:00|35184372089722|4519|2008
2012-11-01T08:39:43.568+00:00|35184372089798|2450|2010
2012-10-27T15:40:03.174+00:00|35184372089878|6617|2011
2012-11-01T01:49:03.338+00:00|35184372089883|4590|2001
2012-10-05T17:03:23.784+00:00|35184372089909|5188|2003
2012-09-17T23:50:52.689+00:00|35184372089936|1981|2009
2012-10-19T04:25:02.291+00:00|35184372089942|2206|2010
2012-09-28T22:42:54.174+00:00|35184372089973|3006|2003
2012-10-28T19:26:05.673+00:00|35184372090040|1857|2001
2012-09-14T09:35:39.076+00:00|35184372090046|4515|2000
2012-09-29T07:40:22.246+00:00|35184372090060|2527|2001
2012-09-25T22:31:57.955+00:00|35184372090069|6435|2005
2012-09-28T13:31:33.963+00:00|35184372090095|2213|2006
2012-10-26T04:56:48.578+00:00|35184372090106|2440|2010
2012-10-04T23:01:54.163+00:00|35184372090110|5984|2000
2012-09-24T14:44:22.827+00:00|35184372090131|1800|2006
2012-10-31T20:14:30.701+00:00|35184372090153|7900|2008
2012-09-19T10:44:19.240+00:00|35184372090158|2495|2005
2012-10-29T10:28:55.364+00:00|35184372090167|2832|2000
2012-09-09T04:50:09.438+00:00|35184372090190|2832|2002
2012-09-23T22:58:57.861+00:00|35184372090231|6797|2006
2012-09-10T22:06:40.231+00:00|35184372090274|2221|2002
2012-10-01T16:19:08.516+00:00|35184372090311|1769|2010
2012-10-04T17:41:44.646+00:00|35184372090317|6436|2005
2012-10-19T17:31:24.606+00:00|35184372090346|5528|2000
2012-11-06T15:38:17.609+00:00|35184372090363|4949|2001
2012-10-31T14:17:45.654+00:00|35184372090400|6675|2008
2012-10-20T10:19:44.157+00:00|35184372090424|4515|2010
2012-09-22T05:14:48.006+00:00|35184372090464|3013|2005
2012-11-04T12:46:55.262+00:00|35184372090473|3012|2004
2012-09-20T13:01:41.667+00:00|35184372090482|3014|2009
2012-11-05T09:56:15.189+00:00|35184372090485|5265|2004
2012-09-30T00:38:01.332+00:00|35184372090502|1858|2007
2012-11-03T15:29:16.304+00:00|35184372090505|5189|2003
2012-09-18T02:58:21.905+00:00|35184372090529|3015|2007
2012-11-22T22:15:25.962+00:00|37383395344394|2905|2008
2012-11-24T17:52:01.966+00:00|37383395344409|4673|2008
2012-11-18T19:22:12.025+00:00|37383395344486|4991|2005
2012-11-08T23:30:14.012+00:00|37383395344541|2212|2003
2012-11-23T13:08:51.875+00:00|37383395344633|5148|2003
2012-11-13T02:27:55.903+00:00|37383395344866|7755|2004
2012-11-16T09:04:48.436+00:00|37383395344903|3011|2006
2012-11-11T08:43:00.321+00:00|37383395344931|5865|2003
2012-11-11T11:43:36.678+00:00|37383395344948|4514|1999
2012-11-18T10:05:42.538+00:00|37383395345096|7901|2007
2012-11-16T19:17:37.610+00:00|37383395345191|6798|2004
2012-11-13T13:02:25.260+00:00|37383395345239|4845|2004
2012-11-14T20:48:01.801+00:00|37383395345260|2948|2006
2012-11-12T02:17:51.574+00:00|37383395345264|5263|2002
2012-11-09T10:36:37.558+00:00|37383395345374|2207|2002
2012-11-21T10:23:38.299+00:00|37383395345384|5949|2004
2012-11-13T14:30:13.031+00:00|37383395345452|1958|2001
2012-11-23T02:32:45.188+00:00|37383395345492|1806|2007
2012-11-27T11:29:27.066+00:00|37383395345501|2982|1998
2012-11-10T16:55:39.053+00:00|37383395345531|3066|2008
2012-11-10T15:25:41.860+00:00|37383395345556|5983|2007
2012-11-13T13:11:46.861+00:00|37383395345707|3008|2009
2012-11-28T23:17:43.460+00:00|37383395345811|6204|2001
2012-11-22T09:21:12.432+00:00|37383395345882|2206|1998
2012-11-09T10:27:59.763+00:00|37383395345948|1853|2005
2012-11-18T08:29:50.036+00:00|37383395345991|4511|2003
2012-11-16T13:21:19.090+00:00|37383395346002|3008|2005
2012-11-12T01:42:21.762+00:00|37383395346041|6309|2002
2012-11-18T07:46:02.679+00:00|37383395346064|7924|2002
