creationDate|id|title|ModeratorPersonId
2012-12-16T01:09:25.762+00:00|1168231120767|Album 4 of K. Singh|32985348833584
2012-12-16T01:22:25.588+00:00|1168231121291|Wall of Fekri Al Binalshibh|37383395345633
2012-12-16T01:23:31.136+00:00|1168231121108|Album 1 of Rafael Santos|35184372090040
2012-12-16T01:48:49.128+00:00|1168231115136|Album 7 of Eli Peretz|15393162789325
2012-12-16T02:42:30.080+00:00|1168231110937|Album 4 of Benedict Zhang|6597069767811
2012-12-16T02:53:44.188+00:00|1168231108076|Album 7 of Natalia Barbu Codreanu|4398046511230
2012-12-16T03:33:15.615+00:00|1168231114783|Album 19 of Chong Zhang|15393162788952
2012-12-16T03:40:36.266+00:00|1168231120530|Album 1 of Bingbing Zhang|30786325578614
2012-12-16T03:49:23.625+00:00|1168231121297|Wall of Claude Aly|37383395345729
2012-12-16T04:11:14.699+00:00|1168231117656|Album 0 of Eugene Roindefo|21990232556036
2012-12-16T05:24:46.192+00:00|1168231110338|Album 13 of Wei Liu|6597069767182
2012-12-16T05:41:29.581+00:00|1168231120219|Album 4 of Wei Liu|28587302323510
2012-12-16T06:22:46.683+00:00|1168231112945|Album 2 of George Ibrahim|10995116278314
2012-12-16T07:05:55.831+00:00|1168231112900|Album 8 of Hao Wang|10995116278271
2012-12-16T07:20:42.517+00:00|1168231118029|Album 0 of Lei Liu|21990232556488
2012-12-16T08:44:56.408+00:00|1168231121300|Album 0 of Pierre Arnaud|37383395345741
2012-12-16T08:56:31.046+00:00|1168231119088|Album 5 of Linas Mamontovas|24189255812458
2012-12-16T09:15:51.857+00:00|1168231110273|Album 9 of Jharana Bajracharya Rashid Shrestha|6597069767115
2012-12-16T09:57:52.109+00:00|1168231120812|Album 2 of Lena Nilsson|32985348833781
2012-12-16T10:02:55.698+00:00|1168231109641|Album 21 of David Anderson|4398046512447
2012-12-16T10:11:24.672+00:00|1168231120605|Album 1 of Charles Camp|30786325578988
2012-12-16T10:15:53.651+00:00|1168231116681|Album 17 of Bruna Costa|17592186045707
2012-12-16T11:27:02.736+00:00|1168231107650|Album 20 of Carlos Costa|2199023256889
2012-12-16T11:51:35.609+00:00|1168231105697|Album 20 of Paul Smith|1344
2012-12-16T11:55:13.204+00:00|1168231116388|Album 3 of Zoran Aralica|17592186044887
2012-12-16T12:26:47.537+00:00|1168231114793|Album 7 of A. Sen|15393162788962
2012-12-16T12:57:56.922+00:00|1168231108726|Album 24 of Paul Anderson|4398046511908
2012-12-16T13:00:06.287+00:00|1168231117111|Album 14 of Jie Li|19791209300508
2012-12-16T15:05:11.226+00:00|1168231121325|Wall of Allu Khan|37383395346069
2012-12-16T16:22:43.851+00:00|1168231110659|Album 22 of Roberto Rojas|6597069767638
2012-12-16T18:13:10.028+00:00|1168231119535|Album 8 of Kunal Kapoor|26388279067382
2012-12-16T20:19:17.953+00:00|1168231111889|Album 23 of Eugene Ravalomanana|8796093023144
2012-12-16T20:31:54.299+00:00|1168231121214|Wall of Alfred Mulder|37383395344721
2012-12-16T20:32:24.679+00:00|1168231119700|Album 0 of Werner Muller|26388279068047
2012-12-16T22:03:26.468+00:00|1168231115022|Album 5 of John Garcia|15393162789178
