creationDate|CommentId|TagId
2012-12-19T00:00:44.969+00:00|1168231405317|3069
2012-12-19T00:00:44.969+00:00|1168231405317|9239
2012-12-19T00:04:28.991+00:00|1168231172239|1410
2012-12-19T00:04:28.991+00:00|1168231172239|1953
2012-12-19T00:04:50.430+00:00|1168231272902|598
2012-12-19T00:04:50.430+00:00|1168231272902|1669
2012-12-19T00:04:50.430+00:00|1168231272902|7585
2012-12-19T00:04:50.430+00:00|1168231272902|11777
2012-12-19T00:05:04.503+00:00|1168231172536|2097
2012-12-19T00:05:04.503+00:00|1168231172536|3050
2012-12-19T00:05:12.338+00:00|1168231493674|6963
2012-12-19T00:05:12.338+00:00|1168231493674|7512
2012-12-19T00:06:50.418+00:00|1168231405315|206
2012-12-19T00:06:50.418+00:00|1168231405315|1451
2012-12-19T00:06:50.418+00:00|1168231405315|1998
2012-12-19T00:06:50.418+00:00|1168231405315|2849
2012-12-19T00:07:13.407+00:00|1168231172504|6977
2012-12-19T00:08:00.164+00:00|1168231186572|6953
2012-12-19T00:08:00.164+00:00|1168231186572|7356
2012-12-19T00:11:10.176+00:00|1168231172506|7761
2012-12-19T00:11:32.611+00:00|1168231480985|7509
2012-12-19T00:11:32.611+00:00|1168231480985|9155
2012-12-19T00:11:37.557+00:00|1168231463925|1193
2012-12-19T00:15:12.109+00:00|1168231405316|1451
2012-12-19T00:15:12.109+00:00|1168231405316|2905
2012-12-19T00:15:12.109+00:00|1168231405316|6588
2012-12-19T00:20:59.547+00:00|1168231480993|6733
2012-12-19T00:20:59.547+00:00|1168231480993|9155
2012-12-19T00:21:19.866+00:00|1168231346778|1940
2012-12-19T00:21:19.866+00:00|1168231346778|12098
2012-12-19T00:22:19.608+00:00|1168231169964|286
2012-12-19T00:22:19.608+00:00|1168231169964|1410
2012-12-19T00:22:19.608+00:00|1168231169964|5184
2012-12-19T00:22:19.608+00:00|1168231169964|5793
2012-12-19T00:22:19.608+00:00|1168231169964|6743
2012-12-19T00:22:19.608+00:00|1168231169964|7833
2012-12-19T00:22:19.608+00:00|1168231169964|7967
2012-12-19T00:22:53.221+00:00|1168231175250|5684
2012-12-19T00:23:08.040+00:00|1168231170063|292
2012-12-19T00:23:08.040+00:00|1168231170063|5101
2012-12-19T00:23:08.040+00:00|1168231170063|5119
2012-12-19T00:23:08.040+00:00|1168231170063|5184
2012-12-19T00:23:08.040+00:00|1168231170063|7306
2012-12-19T00:23:12.160+00:00|1168231169965|1410
2012-12-19T00:23:12.160+00:00|1168231169965|5762
2012-12-19T00:23:12.160+00:00|1168231169965|6968
2012-12-19T00:23:12.160+00:00|1168231169965|7833
2012-12-19T00:23:12.160+00:00|1168231169965|8673
2012-12-19T00:23:12.160+00:00|1168231169965|14338
2012-12-19T00:27:27.835+00:00|1168231428567|459
2012-12-19T00:27:27.835+00:00|1168231428567|8981
2012-12-19T00:27:27.835+00:00|1168231428567|9028
2012-12-19T00:28:59.978+00:00|1168231319916|6
2012-12-19T00:28:59.978+00:00|1168231319916|565
2012-12-19T00:28:59.978+00:00|1168231319916|781
2012-12-19T00:28:59.978+00:00|1168231319916|1171
2012-12-19T00:28:59.978+00:00|1168231319916|1451
2012-12-19T00:28:59.978+00:00|1168231319916|2029
2012-12-19T00:28:59.978+00:00|1168231319916|2034
2012-12-19T00:28:59.978+00:00|1168231319916|3019
2012-12-19T00:28:59.978+00:00|1168231319916|5191
2012-12-19T00:28:59.978+00:00|1168231319916|12286
2012-12-19T00:31:42.794+00:00|1168231493676|2060
2012-12-19T00:31:42.794+00:00|1168231493676|6963
2012-12-19T00:32:17.185+00:00|1168231236395|2929
2012-12-19T00:32:17.185+00:00|1168231236395|3053
2012-12-19T00:32:17.185+00:00|1168231236395|6713
2012-12-19T00:38:36.573+00:00|1168231172698|1749
2012-12-19T00:44:51.824+00:00|1168231422589|3085
2012-12-19T00:44:51.824+00:00|1168231422589|6414
2012-12-19T00:44:51.824+00:00|1168231422589|7644
2012-12-19T00:44:51.824+00:00|1168231422589|9255
2012-12-19T00:44:51.824+00:00|1168231422589|9284
2012-12-19T00:44:51.824+00:00|1168231422589|9742
2012-12-19T00:49:32.189+00:00|1168231458039|8614
2012-12-19T00:49:32.189+00:00|1168231458039|10213
2012-12-19T00:51:32.778+00:00|1168231178642|1023
2012-12-19T00:51:32.778+00:00|1168231178642|2041
2012-12-19T00:54:18.315+00:00|1168231484028|4
2012-12-19T00:54:18.315+00:00|1168231484028|2834
2012-12-19T00:54:18.315+00:00|1168231484028|2906
2012-12-19T00:57:28.677+00:00|1168231317880|1672
2012-12-19T00:57:28.677+00:00|1168231317880|1952
2012-12-19T00:57:28.677+00:00|1168231317880|12022
2012-12-19T01:00:30.408+00:00|1168231251507|140
2012-12-19T01:00:30.408+00:00|1168231251507|1032
2012-12-19T01:00:30.408+00:00|1168231251507|7033
2012-12-19T01:00:30.408+00:00|1168231251507|9154
2012-12-19T01:01:47.909+00:00|1168231317978|6398
2012-12-19T01:01:47.909+00:00|1168231317978|13479
2012-12-19T01:04:28.850+00:00|1168231317882|1672
2012-12-19T01:04:28.850+00:00|1168231317882|1952
2012-12-19T01:04:28.850+00:00|1168231317882|5141
2012-12-19T01:04:28.850+00:00|1168231317882|7602
2012-12-19T01:06:20.476+00:00|1168231361212|11752
2012-12-19T01:06:20.476+00:00|1168231361212|12303
2012-12-19T01:06:32.522+00:00|1168231421646|299
2012-12-19T01:06:32.522+00:00|1168231421646|1992
2012-12-19T01:06:32.522+00:00|1168231421646|11625
2012-12-19T01:06:32.522+00:00|1168231421646|12956
2012-12-19T01:08:00.471+00:00|1168231262657|797
2012-12-19T01:11:11.960+00:00|1168231494385|2892
2012-12-19T01:11:11.960+00:00|1168231494385|5926
2012-12-19T01:16:21.128+00:00|1168231475974|1940
2012-12-19T01:16:21.128+00:00|1168231475974|2058
2012-12-19T01:16:21.128+00:00|1168231475974|2898
2012-12-19T01:16:21.128+00:00|1168231475974|4987
2012-12-19T01:16:21.128+00:00|1168231475974|6411
2012-12-19T01:16:21.128+00:00|1168231475974|11409
2012-12-19T01:16:21.128+00:00|1168231475974|11742
2012-12-19T01:17:04.344+00:00|1168231317964|544
2012-12-19T01:17:04.344+00:00|1168231317964|2023
2012-12-19T01:17:04.344+00:00|1168231317964|9319
2012-12-19T01:17:04.344+00:00|1168231317964|12523
2012-12-19T01:18:56.262+00:00|1168231414281|138
2012-12-19T01:18:56.262+00:00|1168231414281|2862
2012-12-19T01:18:56.262+00:00|1168231414281|2883
2012-12-19T01:18:56.262+00:00|1168231414281|3077
2012-12-19T01:18:56.262+00:00|1168231414281|9382
2012-12-19T01:18:56.262+00:00|1168231414281|14781
2012-12-19T01:21:20.956+00:00|1168231172509|2823
2012-12-19T01:21:20.956+00:00|1168231172509|7761
2012-12-19T01:22:33.641+00:00|1168231422592|2924
2012-12-19T01:22:33.641+00:00|1168231422592|3085
2012-12-19T01:22:33.641+00:00|1168231422592|6414
2012-12-19T01:22:33.641+00:00|1168231422592|7945
2012-12-19T01:22:33.641+00:00|1168231422592|9027
2012-12-19T01:22:33.641+00:00|1168231422592|9255
2012-12-19T01:22:33.641+00:00|1168231422592|9284
2012-12-19T01:23:18.726+00:00|1168231422596|1761
2012-12-19T01:23:18.726+00:00|1168231422596|3019
2012-12-19T01:23:18.726+00:00|1168231422596|3085
2012-12-19T01:23:18.726+00:00|1168231422596|6414
2012-12-19T01:23:18.726+00:00|1168231422596|7513
2012-12-19T01:23:18.726+00:00|1168231422596|7945
2012-12-19T01:23:18.726+00:00|1168231422596|11613
2012-12-19T01:33:46.222+00:00|1168231122651|5156
2012-12-19T01:34:51.840+00:00|1168231442477|5133
2012-12-19T01:34:51.840+00:00|1168231442477|8741
2012-12-19T01:34:51.840+00:00|1168231442477|9176
2012-12-19T01:34:51.840+00:00|1168231442477|9636
2012-12-19T01:34:51.840+00:00|1168231442477|10119
2012-12-19T01:39:40.855+00:00|1168231173305|2110
2012-12-19T01:40:47.952+00:00|1168231321527|2888
2012-12-19T01:40:47.952+00:00|1168231321527|7485
2012-12-19T01:40:47.952+00:00|1168231321527|10987
2012-12-19T01:40:47.952+00:00|1168231321527|11305
2012-12-19T01:40:47.952+00:00|1168231321527|11642
2012-12-19T01:40:47.952+00:00|1168231321527|14293
2012-12-19T01:44:41.146+00:00|1168231122902|9141
2012-12-19T01:44:41.146+00:00|1168231122902|15222
2012-12-19T01:46:14.836+00:00|1168231164303|9258
2012-12-19T01:47:47.903+00:00|1168231436794|9248
2012-12-19T01:47:47.903+00:00|1168231436794|9341
2012-12-19T01:48:47.321+00:00|1168231495904|7003
2012-12-19T01:48:47.321+00:00|1168231495904|12225
2012-12-19T01:49:39.242+00:00|1168231317969|2902
2012-12-19T01:49:39.242+00:00|1168231317969|9319
2012-12-19T01:49:39.242+00:00|1168231317969|10521
2012-12-19T01:50:42.860+00:00|1168231455981|8
2012-12-19T01:50:42.860+00:00|1168231455981|574
2012-12-19T01:50:42.860+00:00|1168231455981|807
2012-12-19T01:50:42.860+00:00|1168231455981|1863
2012-12-19T01:50:42.860+00:00|1168231455981|2952
2012-12-19T01:50:42.860+00:00|1168231455981|5074
2012-12-19T01:50:42.860+00:00|1168231455981|6368
2012-12-19T01:50:42.860+00:00|1168231455981|9326
2012-12-19T01:51:37.243+00:00|1168231422599|2085
2012-12-19T01:51:37.243+00:00|1168231422599|6414
2012-12-19T01:51:37.243+00:00|1168231422599|6726
2012-12-19T01:51:37.243+00:00|1168231422599|7644
2012-12-19T01:51:37.243+00:00|1168231422599|15336
2012-12-19T01:53:44.701+00:00|1168231477852|975
2012-12-19T01:53:44.701+00:00|1168231477852|2054
2012-12-19T01:53:44.701+00:00|1168231477852|3044
2012-12-19T01:53:44.701+00:00|1168231477852|3077
2012-12-19T01:53:44.701+00:00|1168231477852|3085
2012-12-19T01:53:44.701+00:00|1168231477852|9256
2012-12-19T01:57:34.095+00:00|1168231463116|5168
2012-12-19T01:57:34.095+00:00|1168231463116|12403
2012-12-19T01:57:48.210+00:00|1168231380259|2925
2012-12-19T02:05:18.043+00:00|1168231354745|1987
2012-12-19T02:05:18.043+00:00|1168231354745|9249
2012-12-19T02:07:02.824+00:00|1168231370819|1763
2012-12-19T02:07:02.824+00:00|1168231370819|7330
2012-12-19T02:09:45.185+00:00|1168231359744|15434
2012-12-19T02:12:31.644+00:00|1168231328624|781
2012-12-19T02:12:31.644+00:00|1168231328624|2117
2012-12-19T02:12:31.644+00:00|1168231328624|5184
2012-12-19T02:12:31.644+00:00|1168231328624|6283
2012-12-19T02:12:31.644+00:00|1168231328624|9058
2012-12-19T02:13:22.662+00:00|1168231410610|5102
2012-12-19T02:13:22.662+00:00|1168231410610|7880
2012-12-19T02:15:08.604+00:00|1168231186095|973
2012-12-19T02:15:08.604+00:00|1168231186095|11574
2012-12-19T02:18:29.686+00:00|1168231122911|9284
2012-12-19T02:18:29.686+00:00|1168231122911|15222
2012-12-19T02:19:42.220+00:00|1168231308975|2954
2012-12-19T02:19:42.220+00:00|1168231308975|2961
2012-12-19T02:19:42.220+00:00|1168231308975|3016
2012-12-19T02:19:42.220+00:00|1168231308975|3022
2012-12-19T02:19:42.220+00:00|1168231308975|5055
2012-12-19T02:19:42.220+00:00|1168231308975|7524
2012-12-19T02:19:42.220+00:00|1168231308975|8747
2012-12-19T02:19:42.220+00:00|1168231308975|9095
2012-12-19T02:19:42.220+00:00|1168231308975|9433
2012-12-19T02:19:42.220+00:00|1168231308975|13241
2012-12-19T02:28:05.411+00:00|1168231118860|2874
2012-12-19T02:28:05.411+00:00|1168231118860|6472
2012-12-19T02:28:05.411+00:00|1168231118860|7534
2012-12-19T02:36:36.443+00:00|1168231362716|7568
2012-12-19T02:37:06.348+00:00|1168231313203|1990
2012-12-19T02:37:06.348+00:00|1168231313203|2894
2012-12-19T02:37:06.348+00:00|1168231313203|3098
2012-12-19T02:38:24.751+00:00|1168231457853|573
2012-12-19T02:38:24.751+00:00|1168231457853|800
2012-12-19T02:38:24.751+00:00|1168231457853|1521
2012-12-19T02:38:24.751+00:00|1168231457853|1667
2012-12-19T02:38:24.751+00:00|1168231457853|2105
2012-12-19T02:38:24.751+00:00|1168231457853|2790
2012-12-19T02:38:24.751+00:00|1168231457853|2962
2012-12-19T02:38:24.751+00:00|1168231457853|7360
2012-12-19T02:38:24.751+00:00|1168231457853|8140
2012-12-19T02:38:24.751+00:00|1168231457853|9289
2012-12-19T02:38:24.751+00:00|1168231457853|11621
2012-12-19T02:38:39.702+00:00|1168231477842|11375
2012-12-19T02:38:39.702+00:00|1168231477842|11436
2012-12-19T02:39:00.995+00:00|1168231441158|540
2012-12-19T02:39:00.995+00:00|1168231441158|2786
2012-12-19T02:39:00.995+00:00|1168231441158|7570
2012-12-19T02:42:03.618+00:00|1168231499539|6
2012-12-19T02:42:03.618+00:00|1168231499539|1205
2012-12-19T02:42:03.618+00:00|1168231499539|2957
2012-12-19T02:42:03.618+00:00|1168231499539|3084
2012-12-19T02:42:03.618+00:00|1168231499539|3114
2012-12-19T02:42:03.618+00:00|1168231499539|6069
2012-12-19T02:42:11.714+00:00|1168231173060|1403
2012-12-19T02:42:14.914+00:00|1168231393994|7413
2012-12-19T02:42:14.914+00:00|1168231393994|11557
2012-12-19T02:42:14.914+00:00|1168231393994|14609
2012-12-19T02:46:11.295+00:00|1168231160418|975
2012-12-19T02:46:26.778+00:00|1168231262508|9342
2012-12-19T02:46:43.038+00:00|1168231160423|975
2012-12-19T02:46:43.038+00:00|1168231160423|2863
2012-12-19T02:48:27.399+00:00|1168231195618|7019
2012-12-19T02:48:27.399+00:00|1168231195618|7303
2012-12-19T02:48:27.399+00:00|1168231195618|7315
2012-12-19T02:48:50.974+00:00|1168231174080|1953
2012-12-19T02:48:50.974+00:00|1168231174080|11650
2012-12-19T02:49:34.778+00:00|1168231393999|2952
2012-12-19T02:49:34.778+00:00|1168231393999|7413
2012-12-19T02:49:34.778+00:00|1168231393999|7421
2012-12-19T02:51:30.365+00:00|1168231174122|3047
2012-12-19T02:52:31.500+00:00|1168231393798|443
2012-12-19T02:52:31.500+00:00|1168231393798|2787
2012-12-19T02:52:31.500+00:00|1168231393798|2979
2012-12-19T02:52:31.500+00:00|1168231393798|3100
2012-12-19T02:52:31.500+00:00|1168231393798|11376
2012-12-19T02:52:53.911+00:00|1168231380212|2857
2012-12-19T02:52:53.911+00:00|1168231380212|11529
2012-12-19T02:55:34.561+00:00|1168231367821|6451
2012-12-19T02:55:34.561+00:00|1168231367821|7583
2012-12-19T02:55:34.561+00:00|1168231367821|11267
2012-12-19T02:55:34.561+00:00|1168231367821|11770
2012-12-19T02:55:48.996+00:00|1168231493580|568
2012-12-19T02:55:48.996+00:00|1168231493580|577
2012-12-19T02:55:48.996+00:00|1168231493580|5071
2012-12-19T02:55:48.996+00:00|1168231493580|9087
2012-12-19T02:55:48.996+00:00|1168231493580|9174
2012-12-19T02:55:48.996+00:00|1168231493580|9236
2012-12-19T02:55:48.996+00:00|1168231493580|11590
2012-12-19T02:57:44.037+00:00|1168231504203|11456
2012-12-19T03:01:17.169+00:00|1168231262520|790
2012-12-19T03:01:17.169+00:00|1168231262520|3053
2012-12-19T03:04:14.567+00:00|1168231380214|2857
2012-12-19T03:04:14.567+00:00|1168231380214|6420
2012-12-19T03:08:36.336+00:00|1168231173065|9301
2012-12-19T03:08:52.863+00:00|1168231393801|2779
2012-12-19T03:08:52.863+00:00|1168231393801|2979
2012-12-19T03:08:52.863+00:00|1168231393801|5211
2012-12-19T03:08:52.863+00:00|1168231393801|10820
2012-12-19T03:09:27.067+00:00|1168231492862|584
2012-12-19T03:09:27.067+00:00|1168231492862|2038
2012-12-19T03:09:27.067+00:00|1168231492862|6962
2012-12-19T03:09:27.067+00:00|1168231492862|7001
2012-12-19T03:09:27.067+00:00|1168231492862|7025
2012-12-19T03:09:38.985+00:00|1168231435536|775
2012-12-19T03:09:38.985+00:00|1168231435536|2931
2012-12-19T03:14:11.321+00:00|1168231172511|7936
2012-12-19T03:15:57.958+00:00|1168231493649|6951
2012-12-19T03:16:53.180+00:00|1168231432608|6630
2012-12-19T03:22:26.234+00:00|1168231410873|9339
2012-12-19T03:22:26.234+00:00|1168231410873|11742
2012-12-19T03:22:26.234+00:00|1168231410873|14866
2012-12-19T03:26:16.077+00:00|1168231233115|1937
2012-12-19T03:26:16.077+00:00|1168231233115|2783
2012-12-19T03:26:16.077+00:00|1168231233115|6740
2012-12-19T03:26:16.077+00:00|1168231233115|12962
2012-12-19T03:27:39.845+00:00|1168231207108|4941
2012-12-19T03:27:39.845+00:00|1168231207108|7034
2012-12-19T03:27:39.845+00:00|1168231207108|9433
2012-12-19T03:27:39.845+00:00|1168231207108|10889
2012-12-19T03:27:39.845+00:00|1168231207108|12076
2012-12-19T03:28:33.332+00:00|1168231243228|147
2012-12-19T03:28:33.332+00:00|1168231243228|11679
2012-12-19T03:31:27.126+00:00|1168231179683|1153
2012-12-19T03:31:27.126+00:00|1168231179683|9177
2012-12-19T03:32:10.961+00:00|1168231493673|3047
2012-12-19T03:37:46.717+00:00|1168231327655|6400
2012-12-19T03:37:46.717+00:00|1168231327655|9249
2012-12-19T03:42:57.287+00:00|1168231327657|3083
2012-12-19T03:42:57.287+00:00|1168231327657|6400
2012-12-19T03:44:00.164+00:00|1168231477892|270
2012-12-19T03:44:00.164+00:00|1168231477892|565
2012-12-19T03:44:00.164+00:00|1168231477892|779
2012-12-19T03:44:00.164+00:00|1168231477892|2890
2012-12-19T03:44:00.164+00:00|1168231477892|2920
2012-12-19T03:44:00.164+00:00|1168231477892|2956
2012-12-19T03:44:00.164+00:00|1168231477892|5104
2012-12-19T03:44:00.164+00:00|1168231477892|5125
2012-12-19T03:44:00.164+00:00|1168231477892|9097
2012-12-19T03:44:00.164+00:00|1168231477892|12341
2012-12-19T03:44:22.464+00:00|1168231291767|5833
2012-12-19T03:44:22.464+00:00|1168231291767|13196
2012-12-19T03:45:18.761+00:00|1168231111685|8429
2012-12-19T03:47:06.527+00:00|1168231315048|2795
2012-12-19T03:47:06.527+00:00|1168231315048|3062
2012-12-19T03:47:06.527+00:00|1168231315048|5136
2012-12-19T03:47:06.527+00:00|1168231315048|6446
2012-12-19T03:47:06.527+00:00|1168231315048|7371
2012-12-19T03:48:59.791+00:00|1168231414928|449
2012-12-19T03:48:59.791+00:00|1168231414928|458
2012-12-19T03:48:59.791+00:00|1168231414928|1676
2012-12-19T03:48:59.791+00:00|1168231414928|2115
2012-12-19T03:48:59.791+00:00|1168231414928|2777
2012-12-19T03:48:59.791+00:00|1168231414928|5068
2012-12-19T03:48:59.791+00:00|1168231414928|8326
2012-12-19T03:48:59.791+00:00|1168231414928|9152
2012-12-19T03:48:59.791+00:00|1168231414928|9872
2012-12-19T03:49:16.620+00:00|1168231150513|6407
2012-12-19T03:49:16.620+00:00|1168231150513|9291
2012-12-19T03:50:25.530+00:00|1168231505158|2039
2012-12-19T03:50:25.530+00:00|1168231505158|2925
2012-12-19T03:50:25.530+00:00|1168231505158|3010
2012-12-19T03:50:41.200+00:00|1168231457855|573
2012-12-19T03:50:41.200+00:00|1168231457855|1185
2012-12-19T03:50:41.200+00:00|1168231457855|2105
2012-12-19T03:50:41.200+00:00|1168231457855|2790
2012-12-19T03:50:41.200+00:00|1168231457855|2865
2012-12-19T03:50:41.200+00:00|1168231457855|8511
2012-12-19T03:50:41.200+00:00|1168231457855|9289
2012-12-19T03:50:41.200+00:00|1168231457855|9300
2012-12-19T03:50:41.200+00:00|1168231457855|11621
2012-12-19T03:50:41.200+00:00|1168231457855|11723
2012-12-19T03:50:41.200+00:00|1168231457855|12224
2012-12-19T03:50:45.633+00:00|1168231315049|2795
2012-12-19T03:50:45.633+00:00|1168231315049|6366
2012-12-19T03:50:45.633+00:00|1168231315049|6446
2012-12-19T03:50:45.633+00:00|1168231315049|7371
2012-12-19T03:50:45.633+00:00|1168231315049|7550
2012-12-19T03:50:45.633+00:00|1168231315049|7947
2012-12-19T03:53:29.566+00:00|1168231122061|9093
2012-12-19T03:55:37.636+00:00|1168231122064|1675
2012-12-19T03:55:37.636+00:00|1168231122064|9093
2012-12-19T03:58:10.006+00:00|1168231122073|6358
2012-12-19T03:58:10.006+00:00|1168231122073|9093
2012-12-19T04:00:49.369+00:00|1168231476083|589
2012-12-19T04:00:49.369+00:00|1168231476083|1410
2012-12-19T04:00:49.369+00:00|1168231476083|13357
2012-12-19T04:02:40.043+00:00|1168231500838|14483
2012-12-19T04:02:45.134+00:00|1168231393854|443
2012-12-19T04:02:45.134+00:00|1168231393854|11531
2012-12-19T04:02:45.134+00:00|1168231393854|11900
2012-12-19T04:03:59.754+00:00|1168231140752|596
2012-12-19T04:03:59.754+00:00|1168231140752|7555
2012-12-19T04:03:59.754+00:00|1168231140752|8195
2012-12-19T04:04:00.208+00:00|1168231196313|1028
2012-12-19T04:04:00.208+00:00|1168231196313|3001
2012-12-19T04:09:52.753+00:00|1168231264128|578
2012-12-19T04:11:42.355+00:00|1168231301647|3011
2012-12-19T04:12:46.403+00:00|1168231499540|1205
2012-12-19T04:12:46.403+00:00|1168231499540|2778
2012-12-19T04:12:46.403+00:00|1168231499540|2944
2012-12-19T04:12:46.403+00:00|1168231499540|2957
2012-12-19T04:12:46.403+00:00|1168231499540|9154
2012-12-19T04:12:50.367+00:00|1168231140758|9269
2012-12-19T04:13:41.807+00:00|1168231179850|2879
2012-12-19T04:13:41.807+00:00|1168231179850|9177
2012-12-19T04:13:53.957+00:00|1168231173070|5878
2012-12-19T04:15:30.779+00:00|1168231172917|2035
2012-12-19T04:15:30.779+00:00|1168231172917|11384
2012-12-19T04:15:56.590+00:00|1168231414748|470
2012-12-19T04:15:56.590+00:00|1168231414748|1176
2012-12-19T04:15:56.590+00:00|1168231414748|1444
2012-12-19T04:15:56.590+00:00|1168231414748|2778
2012-12-19T04:15:56.590+00:00|1168231414748|2824
2012-12-19T04:15:56.590+00:00|1168231414748|7579
2012-12-19T04:15:56.590+00:00|1168231414748|12003
2012-12-19T04:16:11.320+00:00|1168231322803|5744
2012-12-19T04:17:11.468+00:00|1168231315065|2795
2012-12-19T04:17:11.468+00:00|1168231315065|3000
2012-12-19T04:17:11.468+00:00|1168231315065|6366
2012-12-19T04:17:11.468+00:00|1168231315065|6446
2012-12-19T04:17:11.468+00:00|1168231315065|6733
2012-12-19T04:17:11.468+00:00|1168231315065|6989
2012-12-19T04:17:11.468+00:00|1168231315065|7550
2012-12-19T04:17:11.468+00:00|1168231315065|7947
2012-12-19T04:17:28.321+00:00|1168231301651|1489
2012-12-19T04:17:28.321+00:00|1168231301651|9232
2012-12-19T04:21:24.038+00:00|1168231362711|2956
2012-12-19T04:21:24.038+00:00|1168231362711|3096
2012-12-19T04:22:07.111+00:00|1168231362717|2956
2012-12-19T04:22:07.111+00:00|1168231362717|6541
2012-12-19T04:25:41.537+00:00|1168231435539|775
2012-12-19T04:25:41.537+00:00|1168231435539|7538
2012-12-19T04:27:19.239+00:00|1168231394005|1171
2012-12-19T04:27:19.239+00:00|1168231394005|14321
2012-12-19T04:28:25.788+00:00|1168231414125|148
2012-12-19T04:28:25.788+00:00|1168231414125|2091
2012-12-19T04:28:25.788+00:00|1168231414125|2913
2012-12-19T04:28:25.788+00:00|1168231414125|7538
2012-12-19T04:28:25.788+00:00|1168231414125|8104
2012-12-19T04:28:25.788+00:00|1168231414125|10868
2012-12-19T04:28:31.465+00:00|1168231207538|1451
2012-12-19T04:28:31.465+00:00|1168231207538|5798
2012-12-19T04:28:31.465+00:00|1168231207538|7441
2012-12-19T04:28:31.465+00:00|1168231207538|7776
2012-12-19T04:28:31.465+00:00|1168231207538|9479
2012-12-19T04:28:31.465+00:00|1168231207538|9540
2012-12-19T04:30:37.790+00:00|1168231207379|9197
2012-12-19T04:30:37.790+00:00|1168231207379|10988
2012-12-19T04:34:57.783+00:00|1168231172507|7761
2012-12-19T04:34:57.783+00:00|1168231172507|9292
2012-12-19T04:41:31.104+00:00|1168231441286|1985
2012-12-19T04:41:31.104+00:00|1168231441286|6945
2012-12-19T04:41:31.104+00:00|1168231441286|9284
2012-12-19T04:41:31.104+00:00|1168231441286|9474
2012-12-19T04:43:09.655+00:00|1168231428756|138
2012-12-19T04:43:09.655+00:00|1168231428756|975
2012-12-19T04:43:09.655+00:00|1168231428756|2077
2012-12-19T04:43:09.655+00:00|1168231428756|2104
2012-12-19T04:43:09.655+00:00|1168231428756|12293
2012-12-19T04:44:01.546+00:00|1168231192752|588
2012-12-19T04:44:01.546+00:00|1168231192752|2778
2012-12-19T04:44:29.378+00:00|1168231192757|588
2012-12-19T04:44:29.378+00:00|1168231192757|1989
2012-12-19T04:47:34.738+00:00|1168231192758|1992
2012-12-19T04:47:53.283+00:00|1168231122075|596
2012-12-19T04:47:53.283+00:00|1168231122075|6358
2012-12-19T04:47:53.283+00:00|1168231122075|9093
2012-12-19T04:57:23.149+00:00|1168231189552|7598
2012-12-19T04:59:39.501+00:00|1168231179856|1759
2012-12-19T05:00:14.839+00:00|1168231428931|138
2012-12-19T05:00:14.839+00:00|1168231428931|2875
2012-12-19T05:00:14.839+00:00|1168231428931|5892
2012-12-19T05:00:14.839+00:00|1168231428931|12234
2012-12-19T05:03:44.683+00:00|1168231422513|6036
2012-12-19T05:03:44.683+00:00|1168231422513|6427
2012-12-19T05:03:44.683+00:00|1168231422513|6429
2012-12-19T05:03:44.683+00:00|1168231422513|9144
2012-12-19T05:03:44.683+00:00|1168231422513|10417
2012-12-19T05:03:44.683+00:00|1168231422513|11743
2012-12-19T05:03:44.683+00:00|1168231422513|12034
2012-12-19T05:06:21.442+00:00|1168231261921|418
2012-12-19T05:06:21.442+00:00|1168231261921|790
2012-12-19T05:06:55.579+00:00|1168231236389|3053
2012-12-19T05:06:55.579+00:00|1168231236389|11492
2012-12-19T05:08:39.358+00:00|1168231475093|4
2012-12-19T05:08:39.358+00:00|1168231475093|3096
2012-12-19T05:10:39.896+00:00|1168231475095|590
2012-12-19T05:10:39.896+00:00|1168231475095|3096
2012-12-19T05:12:27.565+00:00|1168231266025|2014
2012-12-19T05:12:27.565+00:00|1168231266025|14052
2012-12-19T05:15:17.734+00:00|1168231486724|5558
2012-12-19T05:15:17.734+00:00|1168231486724|6375
2012-12-19T05:15:37.933+00:00|1168231189558|7598
2012-12-19T05:15:37.933+00:00|1168231189558|11688
2012-12-19T05:19:20.253+00:00|1168231414126|148
2012-12-19T05:19:20.253+00:00|1168231414126|2009
2012-12-19T05:19:20.253+00:00|1168231414126|2913
2012-12-19T05:19:20.253+00:00|1168231414126|5654
2012-12-19T05:19:20.253+00:00|1168231414126|8104
2012-12-19T05:19:20.253+00:00|1168231414126|13954
2012-12-19T05:27:41.988+00:00|1168231340299|5165
2012-12-19T05:27:41.988+00:00|1168231340299|6433
2012-12-19T05:27:58.914+00:00|1168231179858|2909
2012-12-19T05:33:27.324+00:00|1168231340212|3042
2012-12-19T05:37:24.699+00:00|1168231266060|6
2012-12-19T05:37:24.699+00:00|1168231266060|2044
2012-12-19T05:37:24.699+00:00|1168231266060|9068
2012-12-19T05:38:20.836+00:00|1168231504930|3010
2012-12-19T05:38:20.836+00:00|1168231504930|8239
2012-12-19T05:39:41.181+00:00|1168231262506|790
2012-12-19T05:39:41.181+00:00|1168231262506|2999
2012-12-19T05:44:52.229+00:00|1168231123021|6740
2012-12-19T05:48:48.456+00:00|1168231348737|9159
2012-12-19T05:53:46.700+00:00|1168231317943|1410
2012-12-19T05:53:46.700+00:00|1168231317943|1994
2012-12-19T05:53:46.700+00:00|1168231317943|2839
2012-12-19T05:53:46.700+00:00|1168231317943|5164
2012-12-19T05:53:46.700+00:00|1168231317943|5183
2012-12-19T05:53:46.700+00:00|1168231317943|6378
2012-12-19T05:53:46.700+00:00|1168231317943|6962
2012-12-19T05:53:46.700+00:00|1168231317943|6978
2012-12-19T05:53:46.700+00:00|1168231317943|12901
2012-12-19T05:53:46.700+00:00|1168231317943|13993
2012-12-19T05:54:45.732+00:00|1168231105552|458
2012-12-19T05:54:45.732+00:00|1168231105552|9336
2012-12-19T05:54:45.732+00:00|1168231105552|11737
2012-12-19T05:56:00.662+00:00|1168231342601|2010
2012-12-19T05:58:29.914+00:00|1168231127615|6401
2012-12-19T06:00:51.420+00:00|1168231127480|5113
2012-12-19T06:00:51.420+00:00|1168231127480|7747
2012-12-19T06:01:15.256+00:00|1168231127403|7184
2012-12-19T06:02:26.273+00:00|1168231441267|458
2012-12-19T06:02:26.273+00:00|1168231441267|807
2012-12-19T06:02:26.273+00:00|1168231441267|2799
2012-12-19T06:02:26.273+00:00|1168231441267|5758
2012-12-19T06:02:26.273+00:00|1168231441267|9142
2012-12-19T06:02:40.475+00:00|1168231127373|2978
2012-12-19T06:07:29.732+00:00|1168231277192|283
2012-12-19T06:10:06.940+00:00|1168231196482|2788
2012-12-19T06:10:06.940+00:00|1168231196482|3001
2012-12-19T06:11:10.700+00:00|1168231192760|11623
2012-12-19T06:13:45.083+00:00|1168231313747|277
2012-12-19T06:13:45.083+00:00|1168231313747|2818
2012-12-19T06:13:45.083+00:00|1168231313747|2941
2012-12-19T06:13:45.083+00:00|1168231313747|12702
2012-12-19T06:17:13.747+00:00|1168231381554|3111
2012-12-19T06:17:13.747+00:00|1168231381554|9071
2012-12-19T06:17:13.747+00:00|1168231381554|9250
2012-12-19T06:17:13.747+00:00|1168231381554|10809
2012-12-19T06:17:13.747+00:00|1168231381554|11990
2012-12-19T06:17:13.747+00:00|1168231381554|12118
2012-12-19T06:17:16.391+00:00|1168231269974|2084
2012-12-19T06:17:16.391+00:00|1168231269974|7510
2012-12-19T06:17:16.391+00:00|1168231269974|11377
2012-12-19T06:17:16.391+00:00|1168231269974|11757
2012-12-19T06:21:53.521+00:00|1168231499894|244
2012-12-19T06:21:53.521+00:00|1168231499894|809
2012-12-19T06:21:53.521+00:00|1168231499894|1189
2012-12-19T06:21:53.521+00:00|1168231499894|2009
2012-12-19T06:21:53.521+00:00|1168231499894|3029
2012-12-19T06:21:53.521+00:00|1168231499894|5096
2012-12-19T06:21:53.521+00:00|1168231499894|6435
2012-12-19T06:21:53.521+00:00|1168231499894|6951
2012-12-19T06:21:53.521+00:00|1168231499894|7561
2012-12-19T06:29:39.287+00:00|1168231414127|148
2012-12-19T06:29:39.287+00:00|1168231414127|3047
2012-12-19T06:29:39.287+00:00|1168231414127|5171
2012-12-19T06:29:39.287+00:00|1168231414127|6376
2012-12-19T06:29:39.287+00:00|1168231414127|7538
2012-12-19T06:31:28.766+00:00|1168231186094|1196
2012-12-19T06:34:57.039+00:00|1168231328536|1196
2012-12-19T06:41:55.962+00:00|1168231429155|2835
2012-12-19T06:41:55.962+00:00|1168231429155|9031
2012-12-19T06:41:55.962+00:00|1168231429155|11595
2012-12-19T06:43:14.526+00:00|1168231267251|63
2012-12-19T06:43:14.526+00:00|1168231267251|2012
2012-12-19T06:43:14.526+00:00|1168231267251|3053
2012-12-19T06:47:05.860+00:00|1168231126923|5113
2012-12-19T06:47:05.860+00:00|1168231126923|13698
2012-12-19T06:48:27.441+00:00|1168231323201|1206
2012-12-19T06:48:27.441+00:00|1168231323201|2000
2012-12-19T06:50:16.106+00:00|1168231387307|1361
2012-12-19T06:50:16.106+00:00|1168231387307|1452
2012-12-19T06:50:16.106+00:00|1168231387307|1988
2012-12-19T06:50:16.106+00:00|1168231387307|3010
2012-12-19T06:50:16.106+00:00|1168231387307|5152
2012-12-19T06:53:13.402+00:00|1168231139587|1679
2012-12-19T06:53:13.402+00:00|1168231139587|2059
2012-12-19T06:53:13.402+00:00|1168231139587|5084
2012-12-19T06:53:13.402+00:00|1168231139587|11255
2012-12-19T06:53:13.402+00:00|1168231139587|11377
2012-12-19T06:55:41.983+00:00|1168231126221|6060
2012-12-19T06:58:25.126+00:00|1168231196483|3001
2012-12-19T06:58:25.126+00:00|1168231196483|3049
2012-12-19T07:02:27.924+00:00|1168231441256|458
2012-12-19T07:02:27.924+00:00|1168231441256|1506
2012-12-19T07:02:27.924+00:00|1168231441256|11377
2012-12-19T07:05:20.097+00:00|1168231179063|2041
2012-12-19T07:05:20.097+00:00|1168231179063|13879
2012-12-19T07:05:44.801+00:00|1168231266200|5067
2012-12-19T07:05:44.801+00:00|1168231266200|9228
2012-12-19T07:05:44.801+00:00|1168231266200|13265
2012-12-19T07:05:58.254+00:00|1168231214548|1171
2012-12-19T07:05:58.254+00:00|1168231214548|8512
2012-12-19T07:06:42.130+00:00|1168231321754|2888
2012-12-19T07:06:42.130+00:00|1168231321754|5648
2012-12-19T07:07:04.549+00:00|1168231295624|7578
2012-12-19T07:12:44.828+00:00|1168231387310|1452
2012-12-19T07:12:44.828+00:00|1168231387310|1988
2012-12-19T07:12:44.828+00:00|1168231387310|11206
2012-12-19T07:12:44.828+00:00|1168231387310|12445
2012-12-19T07:12:44.828+00:00|1168231387310|14602
2012-12-19T07:17:00.945+00:00|1168231179065|2813
2012-12-19T07:18:16.067+00:00|1168231441259|2027
2012-12-19T07:18:16.067+00:00|1168231441259|10959
2012-12-19T07:18:16.067+00:00|1168231441259|11377
2012-12-19T07:22:26.076+00:00|1168231362713|2956
2012-12-19T07:22:26.076+00:00|1168231362713|5460
2012-12-19T07:30:01.350+00:00|1168231455992|8
2012-12-19T07:30:01.350+00:00|1168231455992|565
2012-12-19T07:30:01.350+00:00|1168231455992|807
2012-12-19T07:30:01.350+00:00|1168231455992|1615
2012-12-19T07:30:01.350+00:00|1168231455992|2003
2012-12-19T07:30:01.350+00:00|1168231455992|2910
2012-12-19T07:30:01.350+00:00|1168231455992|2952
2012-12-19T07:30:01.350+00:00|1168231455992|6368
2012-12-19T07:30:01.350+00:00|1168231455992|9326
2012-12-19T07:31:43.971+00:00|1168231456922|1984
2012-12-19T07:31:43.971+00:00|1168231456922|3055
2012-12-19T07:31:43.971+00:00|1168231456922|5247
2012-12-19T07:31:43.971+00:00|1168231456922|6403
2012-12-19T07:31:43.971+00:00|1168231456922|7526
2012-12-19T07:31:43.971+00:00|1168231456922|8734
2012-12-19T07:31:43.971+00:00|1168231456922|9164
2012-12-19T07:32:11.130+00:00|1168231179069|780
2012-12-19T07:32:11.130+00:00|1168231179069|2813
2012-12-19T07:35:33.676+00:00|1168231456114|2072
2012-12-19T07:35:33.676+00:00|1168231456114|5735
2012-12-19T07:35:33.676+00:00|1168231456114|6366
2012-12-19T07:35:33.751+00:00|1168231105340|6930
2012-12-19T07:35:33.751+00:00|1168231105340|6976
2012-12-19T07:35:33.751+00:00|1168231105340|13704
2012-12-19T07:40:44.166+00:00|1168231129059|138
2012-12-19T07:40:44.166+00:00|1168231129059|561
2012-12-19T07:40:44.166+00:00|1168231129059|1548
2012-12-19T07:40:44.166+00:00|1168231129059|2783
2012-12-19T07:40:44.166+00:00|1168231129059|11585
2012-12-19T07:42:03.371+00:00|1168231197781|3026
2012-12-19T07:46:40.305+00:00|1168231441261|2027
2012-12-19T07:46:40.305+00:00|1168231441261|9046
2012-12-19T07:46:40.305+00:00|1168231441261|9842
2012-12-19T07:46:40.305+00:00|1168231441261|11377
2012-12-19T07:46:45.904+00:00|1168231459493|132
2012-12-19T07:46:45.904+00:00|1168231459493|9181
2012-12-19T07:46:45.904+00:00|1168231459493|10298
2012-12-19T07:48:42.236+00:00|1168231449265|7319
2012-12-19T07:48:51.299+00:00|1168231383631|273
2012-12-19T07:48:51.299+00:00|1168231383631|9261
2012-12-19T07:49:02.116+00:00|1168231504204|13275
2012-12-19T07:49:28.271+00:00|1168231362714|5091
2012-12-19T07:55:36.319+00:00|1168231449270|5246
2012-12-19T07:58:13.626+00:00|1168231370039|61
2012-12-19T07:58:13.626+00:00|1168231370039|7553
2012-12-19T07:58:20.580+00:00|1168231342722|270
2012-12-19T07:58:20.580+00:00|1168231342722|6969
2012-12-19T08:03:43.324+00:00|1168231464237|12056
2012-12-19T08:07:53.433+00:00|1168231493564|1526
2012-12-19T08:07:53.433+00:00|1168231493564|1672
2012-12-19T08:07:53.433+00:00|1168231493564|1985
2012-12-19T08:07:53.433+00:00|1168231493564|6399
2012-12-19T08:07:53.433+00:00|1168231493564|6683
2012-12-19T08:07:53.433+00:00|1168231493564|7555
2012-12-19T08:07:53.433+00:00|1168231493564|9309
2012-12-19T08:07:53.433+00:00|1168231493564|13099
2012-12-19T08:10:07.468+00:00|1168231340300|11752
2012-12-19T08:10:40.536+00:00|1168231464240|2089
2012-12-19T08:10:40.536+00:00|1168231464240|12056
2012-12-19T08:11:07.829+00:00|1168231149360|2830
2012-12-19T08:11:07.829+00:00|1168231149360|5153
2012-12-19T08:11:07.829+00:00|1168231149360|6613
2012-12-19T08:11:07.829+00:00|1168231149360|6992
2012-12-19T08:11:07.829+00:00|1168231149360|7151
2012-12-19T08:11:07.829+00:00|1168231149360|8760
2012-12-19T08:11:07.829+00:00|1168231149360|9331
2012-12-19T08:11:07.829+00:00|1168231149360|13631
2012-12-19T08:12:20.467+00:00|1168231123025|9122
2012-12-19T08:12:21.406+00:00|1168231451217|6478
2012-12-19T08:12:21.406+00:00|1168231451217|7555
2012-12-19T08:12:21.406+00:00|1168231451217|9194
2012-12-19T08:12:21.406+00:00|1168231451217|14032
2012-12-19T08:12:21.406+00:00|1168231451217|14784
2012-12-19T08:14:22.227+00:00|1168231480710|1448
2012-12-19T08:14:22.227+00:00|1168231480710|5076
2012-12-19T08:14:22.227+00:00|1168231480710|11532
2012-12-19T08:17:42.100+00:00|1168231204771|1984
2012-12-19T08:17:42.100+00:00|1168231204771|3071
2012-12-19T08:22:23.583+00:00|1168231169966|2899
2012-12-19T08:22:23.583+00:00|1168231169966|2928
2012-12-19T08:22:23.583+00:00|1168231169966|2946
2012-12-19T08:22:23.583+00:00|1168231169966|5793
2012-12-19T08:22:23.583+00:00|1168231169966|6400
2012-12-19T08:22:23.583+00:00|1168231169966|6517
2012-12-19T08:22:23.583+00:00|1168231169966|6743
2012-12-19T08:22:23.583+00:00|1168231169966|7514
2012-12-19T08:22:23.583+00:00|1168231169966|7967
2012-12-19T08:24:17.426+00:00|1168231468636|1771
2012-12-19T08:24:17.426+00:00|1168231468636|5379
2012-12-19T08:24:17.426+00:00|1168231468636|7704
2012-12-19T08:25:44.752+00:00|1168231129061|138
2012-12-19T08:25:44.752+00:00|1168231129061|561
2012-12-19T08:25:44.752+00:00|1168231129061|583
2012-12-19T08:25:44.752+00:00|1168231129061|1548
2012-12-19T08:25:44.752+00:00|1168231129061|2783
2012-12-19T08:25:44.752+00:00|1168231129061|8580
2012-12-19T08:25:44.752+00:00|1168231129061|11585
2012-12-19T08:25:44.752+00:00|1168231129061|12256
2012-12-19T08:30:32.306+00:00|1168231476023|395
2012-12-19T08:30:32.306+00:00|1168231476023|9138
2012-12-19T08:30:32.306+00:00|1168231476023|9167
2012-12-19T08:30:32.306+00:00|1168231476023|9343
2012-12-19T08:30:32.306+00:00|1168231476023|10564
2012-12-19T08:30:32.306+00:00|1168231476023|11261
2012-12-19T08:30:32.306+00:00|1168231476023|13019
2012-12-19T08:34:46.308+00:00|1168231218313|2036
2012-12-19T08:34:46.308+00:00|1168231218313|6440
2012-12-19T08:34:46.308+00:00|1168231218313|7004
2012-12-19T08:34:46.308+00:00|1168231218313|9798
2012-12-19T08:34:46.308+00:00|1168231218313|12067
2012-12-19T08:34:46.308+00:00|1168231218313|14220
2012-12-19T08:34:46.308+00:00|1168231218313|14648
2012-12-19T08:34:46.308+00:00|1168231218313|15034
2012-12-19T08:34:47.253+00:00|1168231108247|1681
2012-12-19T08:34:47.253+00:00|1168231108247|2116
2012-12-19T08:34:47.253+00:00|1168231108247|2992
2012-12-19T08:34:47.253+00:00|1168231108247|9190
2012-12-19T08:34:47.253+00:00|1168231108247|11752
2012-12-19T08:38:49.510+00:00|1168231414142|1023
2012-12-19T08:38:49.510+00:00|1168231414142|2913
2012-12-19T08:38:49.510+00:00|1168231414142|8104
2012-12-19T08:38:49.510+00:00|1168231414142|11621
2012-12-19T08:38:49.510+00:00|1168231414142|13520
2012-12-19T08:44:03.425+00:00|1168231429156|2835
2012-12-19T08:44:03.425+00:00|1168231429156|5103
2012-12-19T08:44:03.425+00:00|1168231429156|6499
2012-12-19T08:44:03.425+00:00|1168231429156|9031
2012-12-19T08:44:46.821+00:00|1168231474004|7510
2012-12-19T08:45:34.039+00:00|1168231500905|139
2012-12-19T08:45:34.039+00:00|1168231500905|1154
2012-12-19T08:45:34.039+00:00|1168231500905|7569
2012-12-19T08:45:34.039+00:00|1168231500905|8408
2012-12-19T08:45:34.039+00:00|1168231500905|10980
2012-12-19T08:50:58.518+00:00|1168231414775|1944
2012-12-19T08:50:58.518+00:00|1168231414775|5119
2012-12-19T08:50:58.518+00:00|1168231414775|5149
2012-12-19T08:50:58.518+00:00|1168231414775|6994
2012-12-19T08:50:58.518+00:00|1168231414775|10748
2012-12-19T08:51:08.544+00:00|1168231300675|147
2012-12-19T08:51:08.544+00:00|1168231300675|11592
2012-12-19T08:52:26.407+00:00|1168231121626|9137
2012-12-19T08:57:42.172+00:00|1168231328539|1615
2012-12-19T08:59:01.588+00:00|1168231345952|12040
2012-12-19T09:00:36.102+00:00|1168231218363|594
2012-12-19T09:00:36.102+00:00|1168231218363|7005
2012-12-19T09:00:36.102+00:00|1168231218363|9345
2012-12-19T09:00:36.102+00:00|1168231218363|9523
2012-12-19T09:00:36.102+00:00|1168231218363|9709
2012-12-19T09:00:36.102+00:00|1168231218363|12426
2012-12-19T09:00:36.102+00:00|1168231218363|13691
2012-12-19T09:03:11.257+00:00|1168231286898|579
2012-12-19T09:03:11.257+00:00|1168231286898|1024
2012-12-19T09:03:11.257+00:00|1168231286898|5091
2012-12-19T09:03:11.257+00:00|1168231286898|6557
2012-12-19T09:03:11.257+00:00|1168231286898|8339
2012-12-19T09:03:11.257+00:00|1168231286898|9317
2012-12-19T09:03:11.257+00:00|1168231286898|11121
2012-12-19T09:05:08.472+00:00|1168231217754|1444
2012-12-19T09:05:08.472+00:00|1168231217754|2914
2012-12-19T09:05:08.472+00:00|1168231217754|6131
2012-12-19T09:05:08.472+00:00|1168231217754|9054
2012-12-19T09:06:28.176+00:00|1168231357609|592
2012-12-19T09:06:28.176+00:00|1168231357609|2863
2012-12-19T09:06:28.176+00:00|1168231357609|2919
2012-12-19T09:07:54.431+00:00|1168231179066|2882
2012-12-19T09:09:18.152+00:00|1168231189649|6912
2012-12-19T09:09:18.152+00:00|1168231189649|7894
2012-12-19T09:12:16.562+00:00|1168231166876|5500
2012-12-19T09:12:16.562+00:00|1168231166876|6610
2012-12-19T09:12:16.562+00:00|1168231166876|9477
2012-12-19T09:13:35.395+00:00|1168231367137|3095
2012-12-19T09:14:07.158+00:00|1168231204301|3068
2012-12-19T09:14:21.420+00:00|1168231428862|252
2012-12-19T09:14:21.420+00:00|1168231428862|6414
2012-12-19T09:14:21.420+00:00|1168231428862|9034
2012-12-19T09:14:21.420+00:00|1168231428862|10037
2012-12-19T09:14:21.420+00:00|1168231428862|11621
2012-12-19T09:14:21.420+00:00|1168231428862|13399
2012-12-19T09:15:33.661+00:00|1168231455985|8
2012-12-19T09:15:33.661+00:00|1168231455985|574
2012-12-19T09:15:33.661+00:00|1168231455985|1940
2012-12-19T09:15:33.661+00:00|1168231455985|2020
2012-12-19T09:15:33.661+00:00|1168231455985|2952
2012-12-19T09:15:33.661+00:00|1168231455985|5074
2012-12-19T09:15:33.661+00:00|1168231455985|6368
2012-12-19T09:15:33.661+00:00|1168231455985|11744
2012-12-19T09:15:33.661+00:00|1168231455985|11776
2012-12-19T09:16:51.805+00:00|1168231253857|785
2012-12-19T09:16:51.805+00:00|1168231253857|2810
2012-12-19T09:16:51.805+00:00|1168231253857|3096
2012-12-19T09:16:51.805+00:00|1168231253857|9069
2012-12-19T09:24:55.863+00:00|1168231217153|596
2012-12-19T09:24:55.863+00:00|1168231217153|1683
2012-12-19T09:24:55.863+00:00|1168231217153|2048
2012-12-19T09:24:55.863+00:00|1168231217153|2109
2012-12-19T09:24:55.863+00:00|1168231217153|7511
2012-12-19T09:25:20.797+00:00|1168231127758|1910
2012-12-19T09:26:14.009+00:00|1168231414785|2944
2012-12-19T09:26:14.009+00:00|1168231414785|5119
2012-12-19T09:26:14.009+00:00|1168231414785|9258
2012-12-19T09:26:14.009+00:00|1168231414785|10748
2012-12-19T09:26:14.009+00:00|1168231414785|11368
2012-12-19T09:26:31.757+00:00|1168231127168|286
2012-12-19T09:26:31.757+00:00|1168231127168|2858
2012-12-19T09:26:31.757+00:00|1168231127168|5113
2012-12-19T09:28:40.793+00:00|1168231357073|799
2012-12-19T09:28:40.793+00:00|1168231357073|2000
2012-12-19T09:28:40.793+00:00|1168231357073|9035
2012-12-19T09:28:40.793+00:00|1168231357073|11679
2012-12-19T09:32:06.250+00:00|1168231315055|2984
2012-12-19T09:32:06.250+00:00|1168231315055|6446
2012-12-19T09:32:06.250+00:00|1168231315055|7550
2012-12-19T09:32:06.250+00:00|1168231315055|7947
2012-12-19T09:32:06.250+00:00|1168231315055|9116
2012-12-19T09:32:06.250+00:00|1168231315055|13986
2012-12-19T09:32:28.079+00:00|1168231345957|2796
2012-12-19T09:34:21.968+00:00|1168231370040|5064
2012-12-19T09:34:21.968+00:00|1168231370040|7553
2012-12-19T09:35:09.836+00:00|1168231172733|1953
2012-12-19T09:35:09.836+00:00|1168231172733|9328
2012-12-19T09:36:43.536+00:00|1168231172739|9090
2012-12-19T09:36:43.536+00:00|1168231172739|9328
2012-12-19T09:37:44.731+00:00|1168231172730|1953
2012-12-19T09:37:44.731+00:00|1168231172730|10453
2012-12-19T09:37:45.263+00:00|1168231314828|1195
2012-12-19T09:37:45.263+00:00|1168231314828|1644
2012-12-19T09:37:45.263+00:00|1168231314828|1987
2012-12-19T09:37:45.263+00:00|1168231314828|2938
2012-12-19T09:37:45.263+00:00|1168231314828|6371
2012-12-19T09:37:45.263+00:00|1168231314828|6402
2012-12-19T09:37:45.263+00:00|1168231314828|9288
2012-12-19T09:37:45.263+00:00|1168231314828|9474
2012-12-19T09:37:45.263+00:00|1168231314828|11718
2012-12-19T09:39:19.180+00:00|1168231422594|2810
2012-12-19T09:39:19.180+00:00|1168231422594|2924
2012-12-19T09:39:19.180+00:00|1168231422594|3054
2012-12-19T09:39:19.180+00:00|1168231422594|3085
2012-12-19T09:39:19.180+00:00|1168231422594|6414
2012-12-19T09:39:19.180+00:00|1168231422594|8190
2012-12-19T09:39:19.180+00:00|1168231422594|9255
2012-12-19T09:39:19.180+00:00|1168231422594|12432
2012-12-19T09:42:20.252+00:00|1168231342249|2932
2012-12-19T09:42:20.252+00:00|1168231342249|5541
2012-12-19T09:42:20.252+00:00|1168231342249|6071
2012-12-19T09:42:20.252+00:00|1168231342249|6413
2012-12-19T09:42:20.252+00:00|1168231342249|7509
2012-12-19T09:42:20.252+00:00|1168231342249|12236
2012-12-19T09:42:20.252+00:00|1168231342249|12480
2012-12-19T09:51:26.140+00:00|1168231140757|596
2012-12-19T09:51:26.140+00:00|1168231140757|1984
2012-12-19T09:51:26.140+00:00|1168231140757|2061
2012-12-19T09:51:34.657+00:00|1168231345958|2888
2012-12-19T09:53:06.845+00:00|1168231298362|2789
2012-12-19T09:53:06.845+00:00|1168231298362|9167
2012-12-19T09:54:58.149+00:00|1168231121630|7559
2012-12-19T09:58:32.320+00:00|1168231311775|417
2012-12-19T09:58:32.320+00:00|1168231311775|2824
2012-12-19T09:58:32.320+00:00|1168231311775|2900
2012-12-19T09:58:32.320+00:00|1168231311775|3110
2012-12-19T09:58:32.320+00:00|1168231311775|5845
2012-12-19T09:58:32.320+00:00|1168231311775|6942
2012-12-19T09:58:32.320+00:00|1168231311775|7482
2012-12-19T09:58:32.320+00:00|1168231311775|7594
2012-12-19T09:58:32.320+00:00|1168231311775|11281
2012-12-19T10:01:55.366+00:00|1168231343032|1404
2012-12-19T10:01:55.366+00:00|1168231343032|2031
2012-12-19T10:01:55.366+00:00|1168231343032|6961
2012-12-19T10:01:55.366+00:00|1168231343032|7566
2012-12-19T10:01:55.366+00:00|1168231343032|11637
2012-12-19T10:05:46.253+00:00|1168231381199|12049
2012-12-19T10:05:54.396+00:00|1168231295887|1202
2012-12-19T10:05:54.396+00:00|1168231295887|6257
2012-12-19T10:07:47.851+00:00|1168231295889|8488
2012-12-19T10:10:18.396+00:00|1168231108202|6962
2012-12-19T10:15:55.289+00:00|1168231175435|1937
2012-12-19T10:15:55.289+00:00|1168231175435|5165
2012-12-19T10:15:55.289+00:00|1168231175435|11993
2012-12-19T10:15:55.289+00:00|1168231175435|12040
2012-12-19T10:17:14.815+00:00|1168231108378|1732
2012-12-19T10:17:14.815+00:00|1168231108378|6934
2012-12-19T10:17:17.000+00:00|1168231414283|138
2012-12-19T10:17:17.000+00:00|1168231414283|2862
2012-12-19T10:17:17.000+00:00|1168231414283|5104
2012-12-19T10:17:17.000+00:00|1168231414283|7677
2012-12-19T10:17:17.000+00:00|1168231414283|9444
2012-12-19T10:17:17.000+00:00|1168231414283|14781
2012-12-19T10:19:12.286+00:00|1168231345961|2068
2012-12-19T10:19:12.286+00:00|1168231345961|2888
2012-12-19T10:26:06.863+00:00|1168231293763|2038
2012-12-19T10:26:06.863+00:00|1168231293763|5063
2012-12-19T10:26:32.094+00:00|1168231450358|8960
2012-12-19T10:26:32.094+00:00|1168231450358|14856
2012-12-19T10:28:52.821+00:00|1168231380377|10192
2012-12-19T10:30:47.722+00:00|1168231380849|8095
2012-12-19T10:30:47.722+00:00|1168231380849|13632
2012-12-19T10:31:07.744+00:00|1168231204482|5145
2012-12-19T10:34:14.161+00:00|1168231299435|11073
2012-12-19T10:34:14.161+00:00|1168231299435|11533
2012-12-19T10:34:42.069+00:00|1168231414128|2908
2012-12-19T10:34:42.069+00:00|1168231414128|2931
2012-12-19T10:34:42.069+00:00|1168231414128|3047
2012-12-19T10:34:42.069+00:00|1168231414128|5171
2012-12-19T10:34:42.069+00:00|1168231414128|7538
2012-12-19T10:34:42.069+00:00|1168231414128|14402
2012-12-19T10:37:53.038+00:00|1168231342254|141
2012-12-19T10:37:53.038+00:00|1168231342254|580
2012-12-19T10:37:53.038+00:00|1168231342254|2932
2012-12-19T10:37:53.038+00:00|1168231342254|3090
2012-12-19T10:37:53.038+00:00|1168231342254|6413
2012-12-19T10:37:53.038+00:00|1168231342254|7509
2012-12-19T10:37:53.038+00:00|1168231342254|12480
2012-12-19T10:37:53.038+00:00|1168231342254|12541
2012-12-19T10:41:07.167+00:00|1168231323394|9141
2012-12-19T10:41:18.453+00:00|1168231493665|11622
2012-12-19T10:41:43.071+00:00|1168231166708|803
2012-12-19T10:41:43.071+00:00|1168231166708|3048
2012-12-19T10:43:04.331+00:00|1168231127632|13258
2012-12-19T10:45:58.051+00:00|1168231434458|193
2012-12-19T10:45:58.051+00:00|1168231434458|3043
2012-12-19T10:45:58.051+00:00|1168231434458|3097
2012-12-19T10:45:58.051+00:00|1168231434458|7543
2012-12-19T10:45:58.051+00:00|1168231434458|9074
2012-12-19T10:45:58.051+00:00|1168231434458|11741
2012-12-19T10:46:35.335+00:00|1168231434467|193
2012-12-19T10:46:35.335+00:00|1168231434467|796
2012-12-19T10:46:35.335+00:00|1168231434467|3043
2012-12-19T10:46:35.335+00:00|1168231434467|3097
2012-12-19T10:46:35.335+00:00|1168231434467|7543
2012-12-19T10:46:35.335+00:00|1168231434467|7639
2012-12-19T10:46:35.335+00:00|1168231434467|9074
2012-12-19T10:46:35.335+00:00|1168231434467|9300
2012-12-19T10:46:44.720+00:00|1168231311555|9054
2012-12-19T10:49:15.916+00:00|1168231170058|280
2012-12-19T10:49:15.916+00:00|1168231170058|292
2012-12-19T10:49:15.916+00:00|1168231170058|5119
2012-12-19T10:49:15.916+00:00|1168231170058|6373
2012-12-19T10:49:15.916+00:00|1168231170058|6433
2012-12-19T10:49:15.916+00:00|1168231170058|10578
2012-12-19T10:49:15.916+00:00|1168231170058|11653
2012-12-19T10:49:25.997+00:00|1168231170062|292
2012-12-19T10:49:25.997+00:00|1168231170062|2066
2012-12-19T10:49:25.997+00:00|1168231170062|6316
2012-12-19T10:49:25.997+00:00|1168231170062|6375
2012-12-19T10:49:25.997+00:00|1168231170062|6433
2012-12-19T10:49:25.997+00:00|1168231170062|9142
2012-12-19T10:49:25.997+00:00|1168231170062|10578
2012-12-19T10:49:43.019+00:00|1168231293764|7507
2012-12-19T10:51:10.207+00:00|1168231505163|2817
2012-12-19T10:51:10.207+00:00|1168231505163|2847
2012-12-19T10:51:10.207+00:00|1168231505163|6036
2012-12-19T10:51:10.207+00:00|1168231505163|9960
2012-12-19T10:53:28.348+00:00|1168231422385|5099
2012-12-19T10:53:38.491+00:00|1168231229388|1963
2012-12-19T10:53:38.491+00:00|1168231229388|2007
2012-12-19T10:53:38.491+00:00|1168231229388|2932
2012-12-19T10:53:38.491+00:00|1168231229388|2968
2012-12-19T10:53:38.491+00:00|1168231229388|6477
2012-12-19T10:53:38.491+00:00|1168231229388|13138
2012-12-19T10:55:44.871+00:00|1168231229390|1908
2012-12-19T10:55:44.871+00:00|1168231229390|1963
2012-12-19T10:55:44.871+00:00|1168231229390|1998
2012-12-19T10:55:44.871+00:00|1168231229390|2077
2012-12-19T10:55:44.871+00:00|1168231229390|9223
2012-12-19T10:59:29.154+00:00|1168231186076|973
2012-12-19T10:59:29.154+00:00|1168231186076|7033
2012-12-19T11:01:27.744+00:00|1168231125176|1207
2012-12-19T11:01:27.744+00:00|1168231125176|6538
2012-12-19T11:01:54.854+00:00|1168231276653|5117
2012-12-19T11:01:54.854+00:00|1168231276653|5884
2012-12-19T11:01:54.854+00:00|1168231276653|6354
2012-12-19T11:01:54.854+00:00|1168231276653|7284
2012-12-19T11:01:54.854+00:00|1168231276653|11368
2012-12-19T11:01:54.854+00:00|1168231276653|15132
2012-12-19T11:04:01.617+00:00|1168231345953|11625
2012-12-19T11:05:42.543+00:00|1168231441239|2889
2012-12-19T11:05:42.543+00:00|1168231441239|3049
2012-12-19T11:05:52.852+00:00|1168231412286|2790
2012-12-19T11:05:52.852+00:00|1168231412286|2804
2012-12-19T11:05:52.852+00:00|1168231412286|7493
2012-12-19T11:05:52.852+00:00|1168231412286|7648
2012-12-19T11:05:52.852+00:00|1168231412286|11351
2012-12-19T11:06:12.617+00:00|1168231293767|3013
2012-12-19T11:08:38.071+00:00|1168231313194|524
2012-12-19T11:08:38.071+00:00|1168231313194|6961
2012-12-19T11:08:38.071+00:00|1168231313194|7582
2012-12-19T11:08:38.071+00:00|1168231313194|8785
2012-12-19T11:10:31.750+00:00|1168231264179|1860
2012-12-19T11:10:31.750+00:00|1168231264179|2914
2012-12-19T11:10:31.750+00:00|1168231264179|3110
2012-12-19T11:10:31.750+00:00|1168231264179|6978
2012-12-19T11:10:31.750+00:00|1168231264179|9046
2012-12-19T11:10:31.750+00:00|1168231264179|15157
2012-12-19T11:12:59.672+00:00|1168231414930|458
2012-12-19T11:12:59.672+00:00|1168231414930|2906
2012-12-19T11:12:59.672+00:00|1168231414930|5126
2012-12-19T11:12:59.672+00:00|1168231414930|7782
2012-12-19T11:12:59.672+00:00|1168231414930|9147
2012-12-19T11:12:59.672+00:00|1168231414930|9997
2012-12-19T11:13:07.343+00:00|1168231127406|9170
2012-12-19T11:15:11.959+00:00|1168231392245|7604
2012-12-19T11:16:29.521+00:00|1168231317922|140
2012-12-19T11:16:29.521+00:00|1168231317922|1937
2012-12-19T11:16:29.521+00:00|1168231317922|2032
2012-12-19T11:16:29.521+00:00|1168231317922|2820
2012-12-19T11:16:29.521+00:00|1168231317922|5364
2012-12-19T11:16:29.521+00:00|1168231317922|7759
2012-12-19T11:16:29.521+00:00|1168231317922|11570
2012-12-19T11:16:29.521+00:00|1168231317922|12130
2012-12-19T11:21:29.263+00:00|1168231441242|3049
2012-12-19T11:21:29.263+00:00|1168231441242|9052
2012-12-19T11:22:44.987+00:00|1168231505323|2844
2012-12-19T11:22:44.987+00:00|1168231505323|4847
2012-12-19T11:22:44.987+00:00|1168231505323|6951
2012-12-19T11:22:44.987+00:00|1168231505323|7562
2012-12-19T11:24:57.015+00:00|1168231298791|147
2012-12-19T11:24:57.015+00:00|1168231298791|12097
2012-12-19T11:28:06.048+00:00|1168231218329|287
2012-12-19T11:28:06.048+00:00|1168231218329|1532
2012-12-19T11:28:06.048+00:00|1168231218329|2799
2012-12-19T11:28:06.048+00:00|1168231218329|6645
2012-12-19T11:28:06.048+00:00|1168231218329|9279
2012-12-19T11:28:29.005+00:00|1168231196485|1194
2012-12-19T11:30:40.374+00:00|1168231218338|287
2012-12-19T11:30:40.374+00:00|1168231218338|1545
2012-12-19T11:30:40.374+00:00|1168231218338|6388
2012-12-19T11:30:40.374+00:00|1168231218338|6645
2012-12-19T11:30:40.374+00:00|1168231218338|12224
2012-12-19T11:31:38.357+00:00|1168231381560|9148
2012-12-19T11:31:38.357+00:00|1168231381560|11876
2012-12-19T11:31:38.357+00:00|1168231381560|11990
2012-12-19T11:31:38.357+00:00|1168231381560|14575
2012-12-19T11:36:30.682+00:00|1168231414288|138
2012-12-19T11:36:30.682+00:00|1168231414288|2862
2012-12-19T11:36:30.682+00:00|1168231414288|6501
2012-12-19T11:36:30.682+00:00|1168231414288|6945
2012-12-19T11:36:30.682+00:00|1168231414288|9444
2012-12-19T11:36:30.682+00:00|1168231414288|10817
2012-12-19T11:38:44.531+00:00|1168231317925|2032
2012-12-19T11:38:44.531+00:00|1168231317925|2820
2012-12-19T11:38:44.531+00:00|1168231317925|5091
2012-12-19T11:38:44.531+00:00|1168231317925|5364
2012-12-19T11:38:44.531+00:00|1168231317925|6175
2012-12-19T11:38:44.531+00:00|1168231317925|6933
2012-12-19T11:38:44.531+00:00|1168231317925|12130
2012-12-19T11:38:44.531+00:00|1168231317925|13471
2012-12-19T11:46:24.916+00:00|1168231179846|2851
2012-12-19T11:46:46.035+00:00|1168231417631|11719
2012-12-19T11:46:46.035+00:00|1168231417631|15155
2012-12-19T11:47:17.499+00:00|1168231429193|1677
2012-12-19T11:47:17.499+00:00|1168231429193|5057
2012-12-19T11:47:17.499+00:00|1168231429193|10510
2012-12-19T11:47:17.499+00:00|1168231429193|11547
2012-12-19T11:48:25.675+00:00|1168231315059|2931
2012-12-19T11:48:25.675+00:00|1168231315059|2984
2012-12-19T11:48:25.675+00:00|1168231315059|5398
2012-12-19T11:48:25.675+00:00|1168231315059|6446
2012-12-19T11:48:25.675+00:00|1168231315059|7550
2012-12-19T11:48:25.675+00:00|1168231315059|10876
2012-12-19T11:51:33.666+00:00|1168231127407|12166
2012-12-19T11:51:46.250+00:00|1168231376678|976
2012-12-19T11:51:46.250+00:00|1168231376678|1771
2012-12-19T11:51:46.250+00:00|1168231376678|5101
2012-12-19T11:51:46.250+00:00|1168231376678|8312
2012-12-19T11:51:46.250+00:00|1168231376678|9186
2012-12-19T11:51:46.250+00:00|1168231376678|11634
2012-12-19T11:51:46.250+00:00|1168231376678|11672
2012-12-19T11:54:01.450+00:00|1168231468637|6
2012-12-19T11:54:01.450+00:00|1168231468637|2845
2012-12-19T11:54:01.450+00:00|1168231468637|10331
2012-12-19T11:54:01.450+00:00|1168231468637|13911
2012-12-19T11:54:47.556+00:00|1168231468644|6
2012-12-19T11:54:47.556+00:00|1168231468644|9187
2012-12-19T11:54:47.556+00:00|1168231468644|10331
2012-12-19T11:54:47.556+00:00|1168231468644|13911
2012-12-19T11:54:47.556+00:00|1168231468644|14834
2012-12-19T11:57:11.368+00:00|1168231491593|1546
2012-12-19T11:57:11.368+00:00|1168231491593|2036
2012-12-19T11:57:11.368+00:00|1168231491593|7511
2012-12-19T11:57:11.368+00:00|1168231491593|8660
2012-12-19T11:57:11.368+00:00|1168231491593|11678
2012-12-19T11:58:57.352+00:00|1168231468638|6
2012-12-19T11:58:57.352+00:00|1168231468638|8
2012-12-19T11:58:57.352+00:00|1168231468638|3024
2012-12-19T12:00:42.959+00:00|1168231376800|1615
2012-12-19T12:00:42.959+00:00|1168231376800|2869
2012-12-19T12:00:42.959+00:00|1168231376800|9150
2012-12-19T12:00:42.959+00:00|1168231376800|10773
2012-12-19T12:03:08.619+00:00|1168231175211|1653
2012-12-19T12:03:08.619+00:00|1168231175211|2781
2012-12-19T12:03:08.619+00:00|1168231175211|3068
2012-12-19T12:03:08.619+00:00|1168231175211|10571
2012-12-19T12:03:08.619+00:00|1168231175211|12376
2012-12-19T12:07:19.409+00:00|1168231291036|597
2012-12-19T12:07:19.409+00:00|1168231291036|7594
2012-12-19T12:10:46.045+00:00|1168231179832|2777
2012-12-19T12:12:21.464+00:00|1168231311558|4844
2012-12-19T12:12:21.464+00:00|1168231311558|9148
2012-12-19T12:13:02.030+00:00|1168231338638|273
2012-12-19T12:13:02.030+00:00|1168231338638|3088
2012-12-19T12:13:05.106+00:00|1168231376814|561
2012-12-19T12:13:05.106+00:00|1168231376814|2000
2012-12-19T12:13:05.106+00:00|1168231376814|2805
2012-12-19T12:13:05.106+00:00|1168231376814|7334
2012-12-19T12:13:05.106+00:00|1168231376814|12291
2012-12-19T12:14:16.037+00:00|1168231126901|777
2012-12-19T12:14:16.037+00:00|1168231126901|5113
2012-12-19T12:14:17.301+00:00|1168231127636|14330
2012-12-19T12:15:40.079+00:00|1168231121414|3072
2012-12-19T12:15:40.079+00:00|1168231121414|6760
2012-12-19T12:15:40.079+00:00|1168231121414|6991
2012-12-19T12:16:35.179+00:00|1168231441241|3049
2012-12-19T12:16:35.179+00:00|1168231441241|9101
2012-12-19T12:17:46.200+00:00|1168231442493|5141
2012-12-19T12:17:46.200+00:00|1168231442493|6276
2012-12-19T12:17:46.200+00:00|1168231442493|8557
2012-12-19T12:17:46.200+00:00|1168231442493|9223
2012-12-19T12:19:23.207+00:00|1168231291019|7014
2012-12-19T12:19:23.207+00:00|1168231291019|7594
2012-12-19T12:19:27.871+00:00|1168231417394|6
2012-12-19T12:19:27.871+00:00|1168231417394|590
2012-12-19T12:19:27.871+00:00|1168231417394|1192
2012-12-19T12:19:27.871+00:00|1168231417394|9298
2012-12-19T12:25:54.239+00:00|1168231299965|9031
2012-12-19T12:26:58.029+00:00|1168231121351|1421
2012-12-19T12:26:58.029+00:00|1168231121351|9028
2012-12-19T12:36:15.097+00:00|1168231169967|286
2012-12-19T12:36:15.097+00:00|1168231169967|1410
2012-12-19T12:36:15.097+00:00|1168231169967|2976
2012-12-19T12:36:15.097+00:00|1168231169967|5185
2012-12-19T12:36:15.097+00:00|1168231169967|7833
2012-12-19T12:36:15.097+00:00|1168231169967|9650
2012-12-19T12:36:15.097+00:00|1168231169967|9673
2012-12-19T12:37:11.591+00:00|1168231174130|2057
2012-12-19T12:37:26.993+00:00|1168231322804|5744
2012-12-19T12:37:26.993+00:00|1168231322804|12819
2012-12-19T12:40:09.898+00:00|1168231482791|2798
2012-12-19T12:40:09.898+00:00|1168231482791|9644
2012-12-19T12:41:04.738+00:00|1168231410639|2895
2012-12-19T12:41:04.738+00:00|1168231410639|9916
2012-12-19T12:43:03.237+00:00|1168231482796|2798
2012-12-19T12:43:03.237+00:00|1168231482796|9099
2012-12-19T12:52:20.936+00:00|1168231189951|6440
2012-12-19T12:52:20.936+00:00|1168231189951|14449
2012-12-19T12:55:41.796+00:00|1168231291205|7594
2012-12-19T12:55:41.796+00:00|1168231291205|9337
2012-12-19T13:01:07.889+00:00|1168231223061|11650
2012-12-19T13:01:47.517+00:00|1168231173061|1021
2012-12-19T13:07:25.109+00:00|1168231293949|5063
2012-12-19T13:07:25.109+00:00|1168231293949|7129
2012-12-19T13:07:25.109+00:00|1168231293949|10371
2012-12-19T13:09:24.681+00:00|1168231304933|1
2012-12-19T13:09:24.681+00:00|1168231304933|2779
2012-12-19T13:09:54.662+00:00|1168231204483|3019
2012-12-19T13:09:54.662+00:00|1168231204483|9166
2012-12-19T13:10:20.179+00:00|1168231441244|5107
2012-12-19T13:10:23.324+00:00|1168231380253|1988
2012-12-19T13:19:56.595+00:00|1168231500604|1762
2012-12-19T13:19:56.595+00:00|1168231500604|2012
2012-12-19T13:19:57.146+00:00|1168231348741|2849
2012-12-19T13:23:51.001+00:00|1168231491658|1031
2012-12-19T13:23:51.001+00:00|1168231491658|2104
2012-12-19T13:23:51.001+00:00|1168231491658|2781
2012-12-19T13:23:51.001+00:00|1168231491658|3012
2012-12-19T13:23:51.001+00:00|1168231491658|5792
2012-12-19T13:23:51.001+00:00|1168231491658|9064
2012-12-19T13:23:51.001+00:00|1168231491658|9590
2012-12-19T13:23:51.001+00:00|1168231491658|11055
2012-12-19T13:23:51.001+00:00|1168231491658|13633
2012-12-19T13:24:29.142+00:00|1168231304936|1
2012-12-19T13:24:29.142+00:00|1168231304936|1993
2012-12-19T13:24:29.142+00:00|1168231304936|2779
2012-12-19T13:30:09.047+00:00|1168231492863|2038
2012-12-19T13:30:09.047+00:00|1168231492863|5066
2012-12-19T13:30:09.047+00:00|1168231492863|5158
2012-12-19T13:30:09.047+00:00|1168231492863|7025
2012-12-19T13:30:09.047+00:00|1168231492863|8776
2012-12-19T13:30:09.047+00:00|1168231492863|8976
2012-12-19T13:30:09.047+00:00|1168231492863|11408
2012-12-19T13:30:09.047+00:00|1168231492863|13951
2012-12-19T13:31:44.274+00:00|1168231186075|973
2012-12-19T13:31:44.274+00:00|1168231186075|5078
2012-12-19T13:34:31.842+00:00|1168231438129|9323
2012-12-19T13:34:31.842+00:00|1168231438129|11537
2012-12-19T13:39:56.955+00:00|1168231186078|7546
2012-12-19T13:44:17.958+00:00|1168231295894|6257
2012-12-19T13:44:17.958+00:00|1168231295894|10274
2012-12-19T13:44:22.651+00:00|1168231438143|5153
2012-12-19T13:44:22.651+00:00|1168231438143|11537
2012-12-19T13:48:39.261+00:00|1168231468630|794
2012-12-19T13:48:39.261+00:00|1168231468630|5054
2012-12-19T13:49:38.000+00:00|1168231291109|2983
2012-12-19T13:49:38.000+00:00|1168231291109|3026
2012-12-19T13:50:11.774+00:00|1168231126219|9177
2012-12-19T13:50:11.774+00:00|1168231126219|10394
2012-12-19T13:53:18.641+00:00|1168231499542|1205
2012-12-19T13:53:18.641+00:00|1168231499542|2897
2012-12-19T13:53:18.641+00:00|1168231499542|2953
2012-12-19T13:53:18.641+00:00|1168231499542|11600
2012-12-19T13:59:33.644+00:00|1168231477849|2801
2012-12-19T14:00:51.677+00:00|1168231291629|5075
2012-12-19T14:00:51.677+00:00|1168231291629|7594
2012-12-19T14:05:10.959+00:00|1168231485845|2927
2012-12-19T14:05:10.959+00:00|1168231485845|3084
2012-12-19T14:08:04.331+00:00|1168231178317|2117
2012-12-19T14:15:09.770+00:00|1168231266357|468
2012-12-19T14:15:09.770+00:00|1168231266357|1410
2012-12-19T14:15:09.770+00:00|1168231266357|2004
2012-12-19T14:15:09.770+00:00|1168231266357|2065
2012-12-19T14:15:09.770+00:00|1168231266357|2783
2012-12-19T14:15:09.770+00:00|1168231266357|5171
2012-12-19T14:15:09.770+00:00|1168231266357|6532
2012-12-19T14:15:09.770+00:00|1168231266357|7870
2012-12-19T14:15:09.770+00:00|1168231266357|9337
2012-12-19T14:16:45.342+00:00|1168231311793|417
2012-12-19T14:16:45.342+00:00|1168231311793|1186
2012-12-19T14:16:45.342+00:00|1168231311793|2824
2012-12-19T14:16:45.342+00:00|1168231311793|2900
2012-12-19T14:16:45.342+00:00|1168231311793|5126
2012-12-19T14:16:45.342+00:00|1168231311793|5845
2012-12-19T14:16:45.342+00:00|1168231311793|7594
2012-12-19T14:16:45.342+00:00|1168231311793|7734
2012-12-19T14:16:45.342+00:00|1168231311793|8710
2012-12-19T14:16:45.342+00:00|1168231311793|10665
2012-12-19T14:18:08.707+00:00|1168231317965|2023
2012-12-19T14:18:08.707+00:00|1168231317965|6393
2012-12-19T14:18:08.707+00:00|1168231317965|9319
2012-12-19T14:18:08.707+00:00|1168231317965|11455
2012-12-19T14:18:08.707+00:00|1168231317965|12523
2012-12-19T14:19:50.190+00:00|1168231392640|1404
2012-12-19T14:19:50.190+00:00|1168231392640|9164
2012-12-19T14:19:50.190+00:00|1168231392640|14017
2012-12-19T14:21:56.010+00:00|1168231493343|4847
2012-12-19T14:24:18.925+00:00|1168231441159|11663
2012-12-19T14:24:18.925+00:00|1168231441159|11740
2012-12-19T14:25:01.676+00:00|1168231297999|147
2012-12-19T14:25:01.676+00:00|1168231297999|3057
2012-12-19T14:26:44.427+00:00|1168231173046|1953
2012-12-19T14:26:44.427+00:00|1168231173046|7581
2012-12-19T14:35:00.671+00:00|1168231313748|2941
2012-12-19T14:35:00.671+00:00|1168231313748|7007
2012-12-19T14:35:00.671+00:00|1168231313748|12959
2012-12-19T14:43:23.639+00:00|1168231500605|1762
2012-12-19T14:43:23.639+00:00|1168231500605|2012
2012-12-19T14:43:23.639+00:00|1168231500605|9194
2012-12-19T14:44:35.956+00:00|1168231189650|3012
2012-12-19T14:44:35.956+00:00|1168231189650|6912
2012-12-19T14:47:08.368+00:00|1168231295893|6637
2012-12-19T14:54:46.233+00:00|1168231294451|5063
2012-12-19T14:54:46.233+00:00|1168231294451|11013
2012-12-19T14:55:03.380+00:00|1168231291003|5449
2012-12-19T14:55:03.380+00:00|1168231291003|7594
2012-12-19T14:56:44.143+00:00|1168231189088|7031
2012-12-19T15:03:19.529+00:00|1168231262516|790
2012-12-19T15:03:19.529+00:00|1168231262516|2920
2012-12-19T15:03:24.612+00:00|1168231434470|1154
2012-12-19T15:03:24.612+00:00|1168231434470|2992
2012-12-19T15:03:24.612+00:00|1168231434470|3043
2012-12-19T15:03:24.612+00:00|1168231434470|6744
2012-12-19T15:03:24.612+00:00|1168231434470|7543
2012-12-19T15:03:24.612+00:00|1168231434470|11741
2012-12-19T15:11:17.664+00:00|1168231169997|61
2012-12-19T15:11:17.664+00:00|1168231169997|2035
2012-12-19T15:11:17.664+00:00|1168231169997|9086
2012-12-19T15:11:17.664+00:00|1168231169997|11643
2012-12-19T15:11:56.975+00:00|1168231170001|2062
2012-12-19T15:11:56.975+00:00|1168231170001|11643
2012-12-19T15:11:56.975+00:00|1168231170001|12127
2012-12-19T15:14:19.904+00:00|1168231294437|5063
2012-12-19T15:14:19.904+00:00|1168231294437|11752
2012-12-19T15:17:17.944+00:00|1168231486728|6375
2012-12-19T15:17:17.944+00:00|1168231486728|14331
2012-12-19T15:17:26.826+00:00|1168231189080|295
2012-12-19T15:17:26.826+00:00|1168231189080|9339
2012-12-19T15:18:43.795+00:00|1168231174132|2841
2012-12-19T15:19:43.257+00:00|1168231261079|790
2012-12-19T15:19:43.257+00:00|1168231261079|2977
2012-12-19T15:20:56.997+00:00|1168231349892|282
2012-12-19T15:20:56.997+00:00|1168231349892|2903
2012-12-19T15:22:59.199+00:00|1168231441248|472
2012-12-19T15:22:59.199+00:00|1168231441248|5107
2012-12-19T15:24:07.324+00:00|1168231505170|3024
2012-12-19T15:24:07.324+00:00|1168231505170|10067
2012-12-19T15:24:13.346+00:00|1168231314904|1176
2012-12-19T15:24:13.346+00:00|1168231314904|3098
2012-12-19T15:24:13.346+00:00|1168231314904|5068
2012-12-19T15:24:13.346+00:00|1168231314904|6527
2012-12-19T15:24:13.346+00:00|1168231314904|11333
2012-12-19T15:24:13.346+00:00|1168231314904|11668
2012-12-19T15:24:13.346+00:00|1168231314904|11692
2012-12-19T15:28:36.785+00:00|1168231299181|5158
2012-12-19T15:28:36.785+00:00|1168231299181|9160
2012-12-19T15:36:12.489+00:00|1168231505175|3024
2012-12-19T15:36:12.489+00:00|1168231505175|9291
2012-12-19T15:36:12.489+00:00|1168231505175|10067
2012-12-19T15:37:58.140+00:00|1168231147873|3156
2012-12-19T15:37:58.140+00:00|1168231147873|6175
2012-12-19T15:37:58.140+00:00|1168231147873|6203
2012-12-19T15:37:58.140+00:00|1168231147873|6992
2012-12-19T15:37:58.140+00:00|1168231147873|9904
2012-12-19T15:37:58.140+00:00|1168231147873|10748
2012-12-19T15:37:58.140+00:00|1168231147873|11509
2012-12-19T15:40:39.165+00:00|1168231337156|2071
2012-12-19T15:40:39.165+00:00|1168231337156|5447
2012-12-19T15:45:02.474+00:00|1168231173050|1953
2012-12-19T15:45:02.474+00:00|1168231173050|6648
2012-12-19T15:50:00.970+00:00|1168231186083|7546
2012-12-19T15:50:00.970+00:00|1168231186083|10939
2012-12-19T15:55:21.558+00:00|1168231367986|5476
2012-12-19T15:55:21.558+00:00|1168231367986|6375
2012-12-19T15:55:21.558+00:00|1168231367986|9037
2012-12-19T15:55:21.558+00:00|1168231367986|9101
2012-12-19T15:55:21.558+00:00|1168231367986|9177
2012-12-19T15:55:21.558+00:00|1168231367986|10676
2012-12-19T15:58:57.295+00:00|1168231464054|5089
2012-12-19T15:58:57.295+00:00|1168231464054|9359
2012-12-19T15:59:03.337+00:00|1168231336329|3013
2012-12-19T15:59:03.337+00:00|1168231336329|5068
2012-12-19T15:59:03.337+00:00|1168231336329|6637
2012-12-19T15:59:03.337+00:00|1168231336329|7494
2012-12-19T15:59:03.337+00:00|1168231336329|13828
2012-12-19T16:03:13.743+00:00|1168231380378|5120
2012-12-19T16:03:31.319+00:00|1168231337157|2071
2012-12-19T16:03:31.319+00:00|1168231337157|5303
2012-12-19T16:07:06.134+00:00|1168231342261|580
2012-12-19T16:07:06.134+00:00|1168231342261|6413
2012-12-19T16:07:06.134+00:00|1168231342261|6556
2012-12-19T16:07:06.134+00:00|1168231342261|9292
2012-12-19T16:07:06.134+00:00|1168231342261|9391
2012-12-19T16:07:06.134+00:00|1168231342261|12480
2012-12-19T16:07:06.134+00:00|1168231342261|12541
2012-12-19T16:07:06.134+00:00|1168231342261|13818
2012-12-19T16:07:36.540+00:00|1168231314938|11621
2012-12-19T16:07:36.540+00:00|1168231314938|13683
2012-12-19T16:07:38.058+00:00|1168231341699|544
2012-12-19T16:07:38.058+00:00|1168231341699|6045
2012-12-19T16:07:38.058+00:00|1168231341699|9100
2012-12-19T16:07:38.058+00:00|1168231341699|15115
2012-12-19T16:08:48.472+00:00|1168231173057|1953
2012-12-19T16:08:48.472+00:00|1168231173057|9027
2012-12-19T16:13:16.953+00:00|1168231172747|577
2012-12-19T16:13:16.953+00:00|1168231172747|1953
2012-12-19T16:14:19.337+00:00|1168231313098|3002
2012-12-19T16:14:19.337+00:00|1168231313098|9935
2012-12-19T16:16:23.722+00:00|1168231173262|2825
2012-12-19T16:20:35.662+00:00|1168231347593|2883
2012-12-19T16:20:35.662+00:00|1168231347593|3045
2012-12-19T16:23:35.198+00:00|1168231178361|12418
2012-12-19T16:32:10.517+00:00|1168231261315|790
2012-12-19T16:32:10.517+00:00|1168231261315|2796
2012-12-19T16:33:40.924+00:00|1168231412262|2032
2012-12-19T16:33:40.924+00:00|1168231412262|8602
2012-12-19T16:33:40.924+00:00|1168231412262|13999
2012-12-19T16:34:23.390+00:00|1168231126463|5079
2012-12-19T16:36:07.280+00:00|1168231373195|1934
2012-12-19T16:36:07.280+00:00|1168231373195|5183
2012-12-19T16:36:07.280+00:00|1168231373195|5771
2012-12-19T16:36:07.280+00:00|1168231373195|6129
2012-12-19T16:36:07.280+00:00|1168231373195|6173
2012-12-19T16:36:07.280+00:00|1168231373195|7596
2012-12-19T16:36:07.280+00:00|1168231373195|9255
2012-12-19T16:36:07.280+00:00|1168231373195|9284
2012-12-19T16:36:07.280+00:00|1168231373195|10472
2012-12-19T16:36:07.280+00:00|1168231373195|12246
2012-12-19T16:43:06.507+00:00|1168231373133|9
2012-12-19T16:43:06.507+00:00|1168231373133|143
2012-12-19T16:43:06.507+00:00|1168231373133|575
2012-12-19T16:43:06.507+00:00|1168231373133|5107
2012-12-19T16:43:06.507+00:00|1168231373133|6404
2012-12-19T16:43:06.507+00:00|1168231373133|7301
2012-12-19T16:43:06.507+00:00|1168231373133|7562
2012-12-19T16:43:06.507+00:00|1168231373133|7573
2012-12-19T16:43:06.507+00:00|1168231373133|9042
2012-12-19T16:43:06.507+00:00|1168231373133|9348
2012-12-19T16:43:47.838+00:00|1168231487217|1033
2012-12-19T16:43:47.838+00:00|1168231487217|9237
2012-12-19T16:43:47.838+00:00|1168231487217|10057
2012-12-19T16:43:47.838+00:00|1168231487217|10187
2012-12-19T16:46:30.749+00:00|1168231315057|2984
2012-12-19T16:46:30.749+00:00|1168231315057|5397
2012-12-19T16:46:30.749+00:00|1168231315057|6446
2012-12-19T16:46:30.749+00:00|1168231315057|6977
2012-12-19T16:46:30.749+00:00|1168231315057|9116
2012-12-19T16:46:30.749+00:00|1168231315057|11576
2012-12-19T16:46:30.749+00:00|1168231315057|13986
2012-12-19T16:48:04.101+00:00|1168231441270|1153
2012-12-19T16:48:04.101+00:00|1168231441270|2799
2012-12-19T16:48:04.101+00:00|1168231441270|2965
2012-12-19T16:48:04.101+00:00|1168231441270|3029
2012-12-19T16:48:04.101+00:00|1168231441270|5080
2012-12-19T16:48:04.101+00:00|1168231441270|6353
2012-12-19T16:48:28.732+00:00|1168231373100|6285
2012-12-19T16:49:49.590+00:00|1168231322808|2778
2012-12-19T16:49:49.590+00:00|1168231322808|5744
2012-12-19T16:50:41.621+00:00|1168231126440|12258
2012-12-19T16:52:38.986+00:00|1168231434460|3053
2012-12-19T16:52:38.986+00:00|1168231434460|3097
2012-12-19T16:52:38.986+00:00|1168231434460|7543
2012-12-19T16:52:38.986+00:00|1168231434460|9038
2012-12-19T16:52:38.986+00:00|1168231434460|11261
2012-12-19T16:54:12.654+00:00|1168231323557|1175
2012-12-19T16:54:12.654+00:00|1168231323557|2825
2012-12-19T16:54:12.654+00:00|1168231323557|3105
2012-12-19T16:54:12.654+00:00|1168231323557|4982
2012-12-19T16:54:12.654+00:00|1168231323557|5120
2012-12-19T16:54:12.654+00:00|1168231323557|7747
2012-12-19T16:54:12.654+00:00|1168231323557|13619
2012-12-19T16:54:12.654+00:00|1168231323557|14631
2012-12-19T16:55:28.504+00:00|1168231373138|9
2012-12-19T16:55:28.504+00:00|1168231373138|141
2012-12-19T16:55:28.504+00:00|1168231373138|575
2012-12-19T16:55:28.504+00:00|1168231373138|1152
2012-12-19T16:55:28.504+00:00|1168231373138|6937
2012-12-19T16:55:28.504+00:00|1168231373138|7301
2012-12-19T16:55:28.504+00:00|1168231373138|7573
2012-12-19T16:55:28.504+00:00|1168231373138|9042
2012-12-19T16:55:28.504+00:00|1168231373138|9158
2012-12-19T16:55:28.504+00:00|1168231373138|11527
2012-12-19T16:59:26.252+00:00|1168231493356|4847
2012-12-19T16:59:26.252+00:00|1168231493356|11677
2012-12-19T17:00:44.728+00:00|1168231189952|1193
2012-12-19T17:00:44.728+00:00|1168231189952|6440
2012-12-19T17:00:48.153+00:00|1168231170065|292
2012-12-19T17:00:48.153+00:00|1168231170065|578
2012-12-19T17:00:48.153+00:00|1168231170065|6316
2012-12-19T17:00:48.153+00:00|1168231170065|6375
2012-12-19T17:00:48.153+00:00|1168231170065|6938
2012-12-19T17:00:48.153+00:00|1168231170065|7467
2012-12-19T17:00:48.153+00:00|1168231170065|7834
2012-12-19T17:00:48.153+00:00|1168231170065|9142
2012-12-19T17:00:48.153+00:00|1168231170065|10578
2012-12-19T17:06:12.305+00:00|1168231420932|1521
2012-12-19T17:06:12.305+00:00|1168231420932|2935
2012-12-19T17:06:12.305+00:00|1168231420932|7041
2012-12-19T17:06:12.305+00:00|1168231420932|12143
2012-12-19T17:06:12.305+00:00|1168231420932|13482
2012-12-19T17:11:31.891+00:00|1168231160429|2112
2012-12-19T17:11:40.672+00:00|1168231290315|791
2012-12-19T17:12:10.696+00:00|1168231421168|1521
2012-12-19T17:12:10.696+00:00|1168231421168|5097
2012-12-19T17:12:10.696+00:00|1168231421168|9225
2012-12-19T17:12:31.198+00:00|1168231349895|282
2012-12-19T17:12:31.198+00:00|1168231349895|2903
2012-12-19T17:12:31.198+00:00|1168231349895|11621
2012-12-19T17:14:24.146+00:00|1168231311778|2813
2012-12-19T17:14:24.146+00:00|1168231311778|2900
2012-12-19T17:14:24.146+00:00|1168231311778|3110
2012-12-19T17:14:24.146+00:00|1168231311778|6645
2012-12-19T17:14:24.146+00:00|1168231311778|6733
2012-12-19T17:14:24.146+00:00|1168231311778|6885
2012-12-19T17:14:24.146+00:00|1168231311778|7594
2012-12-19T17:14:24.146+00:00|1168231311778|7944
2012-12-19T17:14:24.146+00:00|1168231311778|11281
2012-12-19T17:18:44.427+00:00|1168231318949|1909
2012-12-19T17:18:44.427+00:00|1168231318949|2876
2012-12-19T17:18:44.427+00:00|1168231318949|9147
2012-12-19T17:18:44.427+00:00|1168231318949|9300
2012-12-19T17:20:38.583+00:00|1168231487240|61
2012-12-19T17:20:38.583+00:00|1168231487240|1984
2012-12-19T17:22:32.992+00:00|1168231298305|147
2012-12-19T17:22:32.992+00:00|1168231298305|5058
2012-12-19T17:28:53.825+00:00|1168231118529|2783
2012-12-19T17:28:53.825+00:00|1168231118529|5309
2012-12-19T17:28:53.825+00:00|1168231118529|7707
2012-12-19T17:28:53.825+00:00|1168231118529|9143
2012-12-19T17:28:53.825+00:00|1168231118529|9886
2012-12-19T17:28:53.825+00:00|1168231118529|12655
2012-12-19T17:29:17.134+00:00|1168231118662|5438
2012-12-19T17:29:17.134+00:00|1168231118662|5987
2012-12-19T17:29:17.134+00:00|1168231118662|6989
2012-12-19T17:29:17.134+00:00|1168231118662|10552
2012-12-19T17:29:17.134+00:00|1168231118662|14903
2012-12-19T17:30:45.134+00:00|1168231118668|974
2012-12-19T17:30:45.134+00:00|1168231118668|2887
2012-12-19T17:30:45.134+00:00|1168231118668|5438
2012-12-19T17:30:45.134+00:00|1168231118668|9036
2012-12-19T17:32:17.263+00:00|1168231218392|1027
2012-12-19T17:32:17.263+00:00|1168231218392|1444
2012-12-19T17:32:17.263+00:00|1168231218392|2058
2012-12-19T17:32:17.263+00:00|1168231218392|4847
2012-12-19T17:32:17.263+00:00|1168231218392|5546
2012-12-19T17:32:17.263+00:00|1168231218392|6949
2012-12-19T17:32:17.263+00:00|1168231218392|9266
2012-12-19T17:32:17.263+00:00|1168231218392|9539
2012-12-19T17:33:41.589+00:00|1168231455951|2046
2012-12-19T17:33:41.589+00:00|1168231455951|2777
2012-12-19T17:33:41.589+00:00|1168231455951|2779
2012-12-19T17:33:41.589+00:00|1168231455951|2878
2012-12-19T17:33:41.589+00:00|1168231455951|7034
2012-12-19T17:33:41.589+00:00|1168231455951|14518
2012-12-19T17:34:25.203+00:00|1168231126439|2061
2012-12-19T17:34:42.572+00:00|1168231126442|579
2012-12-19T17:35:45.922+00:00|1168231121549|9342
2012-12-19T17:35:45.922+00:00|1168231121549|11376
2012-12-19T17:36:42.001+00:00|1168231123027|9122
2012-12-19T17:36:42.001+00:00|1168231123027|10691
2012-12-19T17:38:16.503+00:00|1168231291626|7594
2012-12-19T17:38:16.503+00:00|1168231291626|13009
2012-12-19T17:39:03.714+00:00|1168231468640|2894
2012-12-19T17:39:03.714+00:00|1168231468640|3024
2012-12-19T17:39:03.714+00:00|1168231468640|9194
2012-12-19T17:40:45.514+00:00|1168231415408|1546
2012-12-19T17:40:45.514+00:00|1168231415408|2922
2012-12-19T17:40:45.514+00:00|1168231415408|6493
2012-12-19T17:41:04.527+00:00|1168231267252|1680
2012-12-19T17:41:04.527+00:00|1168231267252|1863
2012-12-19T17:41:12.819+00:00|1168231311758|1187
2012-12-19T17:41:12.819+00:00|1168231311758|2095
2012-12-19T17:41:13.178+00:00|1168231311629|5058
2012-12-19T17:41:13.178+00:00|1168231311629|11741
2012-12-19T17:41:13.178+00:00|1168231311629|11743
2012-12-19T17:48:10.611+00:00|1168231313749|277
2012-12-19T17:48:10.611+00:00|1168231313749|6102
2012-12-19T17:48:10.611+00:00|1168231313749|9511
2012-12-19T17:50:54.031+00:00|1168231340579|1204
2012-12-19T17:50:54.031+00:00|1168231340579|5063
2012-12-19T17:50:54.031+00:00|1168231340579|5090
2012-12-19T17:50:54.031+00:00|1168231340579|5101
2012-12-19T17:50:54.031+00:00|1168231340579|6855
2012-12-19T17:50:54.031+00:00|1168231340579|11576
2012-12-19T17:56:06.963+00:00|1168231437639|2790
2012-12-19T17:56:06.963+00:00|1168231437639|5064
2012-12-19T17:56:06.963+00:00|1168231437639|5822
2012-12-19T17:59:16.709+00:00|1168231482789|2798
2012-12-19T17:59:16.709+00:00|1168231482789|10674
2012-12-19T17:59:43.544+00:00|1168231387309|1452
2012-12-19T17:59:43.544+00:00|1168231387309|1988
2012-12-19T17:59:43.544+00:00|1168231387309|2119
2012-12-19T17:59:43.544+00:00|1168231387309|3010
2012-12-19T17:59:43.544+00:00|1168231387309|3110
2012-12-19T17:59:43.544+00:00|1168231387309|5152
2012-12-19T17:59:43.544+00:00|1168231387309|11990
2012-12-19T18:04:32.983+00:00|1168231267258|2010
2012-12-19T18:04:32.983+00:00|1168231267258|3053
2012-12-19T18:04:32.983+00:00|1168231267258|9190
2012-12-19T18:05:37.530+00:00|1168231427118|774
2012-12-19T18:06:14.769+00:00|1168231474001|11644
2012-12-19T18:06:34.194+00:00|1168231172746|6373
2012-12-19T18:06:34.194+00:00|1168231172746|9090
2012-12-19T18:06:34.194+00:00|1168231172746|9328
2012-12-19T18:16:51.501+00:00|1168231311589|12294
2012-12-19T18:18:30.644+00:00|1168231189077|1154
2012-12-19T18:19:31.318+00:00|1168231121631|8919
2012-12-19T18:19:39.728+00:00|1168231123031|3051
2012-12-19T18:19:39.728+00:00|1168231123031|9122
2012-12-19T18:21:34.899+00:00|1168231186364|973
2012-12-19T18:21:34.899+00:00|1168231186364|6157
2012-12-19T18:24:34.923+00:00|1168231267296|2786
2012-12-19T18:27:03.871+00:00|1168231417362|9183
2012-12-19T18:27:59.525+00:00|1168231486080|10213
2012-12-19T18:33:16.780+00:00|1168231311511|4844
2012-12-19T18:33:16.780+00:00|1168231311511|11748
2012-12-19T18:35:20.985+00:00|1168231327664|11979
2012-12-19T18:36:19.529+00:00|1168231170002|2062
2012-12-19T18:36:19.529+00:00|1168231170002|5065
2012-12-19T18:36:19.529+00:00|1168231170002|5149
2012-12-19T18:36:19.529+00:00|1168231170002|11643
2012-12-19T18:36:49.285+00:00|1168231417368|6435
2012-12-19T18:37:29.982+00:00|1168231373196|1181
2012-12-19T18:37:29.982+00:00|1168231373196|2001
2012-12-19T18:37:29.982+00:00|1168231373196|2087
2012-12-19T18:37:29.982+00:00|1168231373196|5109
2012-12-19T18:37:29.982+00:00|1168231373196|5183
2012-12-19T18:37:29.982+00:00|1168231373196|5771
2012-12-19T18:37:29.982+00:00|1168231373196|6388
2012-12-19T18:37:29.982+00:00|1168231373196|7596
2012-12-19T18:37:29.982+00:00|1168231373196|9284
2012-12-19T18:37:29.982+00:00|1168231373196|10472
2012-12-19T18:38:43.651+00:00|1168231493348|1164
2012-12-19T18:38:43.651+00:00|1168231493348|4847
2012-12-19T18:42:31.143+00:00|1168231261327|143
2012-12-19T18:42:46.676+00:00|1168231118670|2819
2012-12-19T18:42:46.676+00:00|1168231118670|6989
2012-12-19T18:42:46.676+00:00|1168231118670|11006
2012-12-19T18:42:46.676+00:00|1168231118670|14637
2012-12-19T18:43:33.619+00:00|1168231281755|6621
2012-12-19T18:45:05.863+00:00|1168231281711|283
2012-12-19T18:45:05.863+00:00|1168231281711|8295
2012-12-19T18:45:22.875+00:00|1168231281757|10037
2012-12-19T18:48:24.328+00:00|1168231212707|1545
2012-12-19T18:48:24.328+00:00|1168231212707|2423
2012-12-19T18:48:24.328+00:00|1168231212707|11754
2012-12-19T18:48:24.328+00:00|1168231212707|12290
2012-12-19T18:48:33.320+00:00|1168231261922|9150
2012-12-19T18:49:34.354+00:00|1168231449337|1680
2012-12-19T18:53:56.294+00:00|1168231189083|1154
2012-12-19T18:53:56.294+00:00|1168231189083|9053
2012-12-19T18:57:03.020+00:00|1168231267255|1863
2012-12-19T18:57:03.020+00:00|1168231267255|2778
2012-12-19T18:58:56.575+00:00|1168231239952|2902
2012-12-19T18:58:56.575+00:00|1168231239952|9068
2012-12-19T18:58:56.575+00:00|1168231239952|9269
2012-12-19T18:58:56.575+00:00|1168231239952|11408
2012-12-19T18:58:56.575+00:00|1168231239952|11684
2012-12-19T19:03:23.811+00:00|1168231345960|2888
2012-12-19T19:03:23.811+00:00|1168231345960|7490
2012-12-19T19:03:40.672+00:00|1168231217156|596
2012-12-19T19:03:40.672+00:00|1168231217156|805
2012-12-19T19:03:40.672+00:00|1168231217156|1170
2012-12-19T19:03:40.672+00:00|1168231217156|1683
2012-12-19T19:03:40.672+00:00|1168231217156|2048
2012-12-19T19:03:40.672+00:00|1168231217156|6766
2012-12-19T19:04:01.455+00:00|1168231242214|8518
2012-12-19T19:04:18.685+00:00|1168231242273|3079
2012-12-19T19:05:40.593+00:00|1168231242430|287
2012-12-19T19:05:40.593+00:00|1168231242430|568
2012-12-19T19:05:40.593+00:00|1168231242430|2796
2012-12-19T19:05:40.593+00:00|1168231242430|2811
2012-12-19T19:05:40.593+00:00|1168231242430|9276
2012-12-19T19:05:50.517+00:00|1168231241982|1028
2012-12-19T19:06:25.286+00:00|1168231242542|2039
2012-12-19T19:06:25.286+00:00|1168231242542|3105
2012-12-19T19:06:25.286+00:00|1168231242542|5811
2012-12-19T19:06:25.286+00:00|1168231242542|7558
2012-12-19T19:06:55.703+00:00|1168231236403|138
2012-12-19T19:06:55.703+00:00|1168231236403|11376
2012-12-19T19:07:41.797+00:00|1168231236405|11236
2012-12-19T19:07:41.797+00:00|1168231236405|11376
2012-12-19T19:09:30.707+00:00|1168231236406|9563
2012-12-19T19:09:30.707+00:00|1168231236406|11236
2012-12-19T19:15:51.259+00:00|1168231380458|9429
2012-12-19T19:15:51.259+00:00|1168231380458|13632
2012-12-19T19:16:32.810+00:00|1168231127377|2978
2012-12-19T19:16:32.810+00:00|1168231127377|11504
2012-12-19T19:18:48.329+00:00|1168231441262|2027
2012-12-19T19:18:48.329+00:00|1168231441262|9249
2012-12-19T19:18:48.329+00:00|1168231441262|9842
2012-12-19T19:18:48.329+00:00|1168231441262|11377
2012-12-19T19:22:57.457+00:00|1168231173265|13534
2012-12-19T19:25:09.078+00:00|1168231248597|6369
2012-12-19T19:25:09.078+00:00|1168231248597|9050
2012-12-19T19:25:09.078+00:00|1168231248597|9673
2012-12-19T19:25:09.078+00:00|1168231248597|12738
2012-12-19T19:25:32.360+00:00|1168231330799|11705
2012-12-19T19:27:29.336+00:00|1168231383444|3025
2012-12-19T19:27:29.336+00:00|1168231383444|8311
2012-12-19T19:31:12.719+00:00|1168231383446|3025
2012-12-19T19:31:12.719+00:00|1168231383446|8311
2012-12-19T19:31:12.719+00:00|1168231383446|11111
2012-12-19T19:32:56.963+00:00|1168231491056|6353
2012-12-19T19:32:56.963+00:00|1168231491056|6401
2012-12-19T19:36:34.500+00:00|1168231281756|5544
2012-12-19T19:36:34.500+00:00|1168231281756|6621
2012-12-19T19:38:18.329+00:00|1168231432612|6619
2012-12-19T19:38:18.329+00:00|1168231432612|6630
2012-12-19T19:38:19.116+00:00|1168231281760|6621
2012-12-19T19:38:19.116+00:00|1168231281760|13710
2012-12-19T19:42:29.608+00:00|1168231249117|2049
2012-12-19T19:42:29.608+00:00|1168231249117|5172
2012-12-19T19:42:29.608+00:00|1168231249117|6360
2012-12-19T19:42:29.608+00:00|1168231249117|7003
2012-12-19T19:42:29.608+00:00|1168231249117|7526
2012-12-19T19:42:29.608+00:00|1168231249117|9300
2012-12-19T19:42:29.608+00:00|1168231249117|15288
2012-12-19T19:42:29.608+00:00|1168231249117|15330
2012-12-19T19:43:40.181+00:00|1168231457854|573
2012-12-19T19:43:40.181+00:00|1168231457854|783
2012-12-19T19:43:40.181+00:00|1168231457854|1667
2012-12-19T19:43:40.181+00:00|1168231457854|2946
2012-12-19T19:43:40.181+00:00|1168231457854|6180
2012-12-19T19:43:40.181+00:00|1168231457854|7002
2012-12-19T19:43:40.181+00:00|1168231457854|7360
2012-12-19T19:43:40.181+00:00|1168231457854|7719
2012-12-19T19:43:40.181+00:00|1168231457854|9289
2012-12-19T19:43:40.181+00:00|1168231457854|11621
2012-12-19T19:43:40.181+00:00|1168231457854|12315
2012-12-19T19:46:24.357+00:00|1168231449263|9227
2012-12-19T19:46:34.671+00:00|1168231449267|2910
2012-12-19T19:46:34.671+00:00|1168231449267|9227
2012-12-19T19:53:40.913+00:00|1168231293774|3013
2012-12-19T19:53:40.913+00:00|1168231293774|6956
2012-12-19T19:59:27.244+00:00|1168231417553|1758
2012-12-19T19:59:27.244+00:00|1168231417553|2040
2012-12-19T19:59:27.244+00:00|1168231417553|2783
2012-12-19T19:59:27.244+00:00|1168231417553|2853
2012-12-19T19:59:27.244+00:00|1168231417553|6823
2012-12-19T19:59:27.244+00:00|1168231417553|8928
2012-12-19T19:59:27.244+00:00|1168231417553|9061
2012-12-19T19:59:27.244+00:00|1168231417553|10191
2012-12-19T19:59:27.244+00:00|1168231417553|10433
2012-12-19T19:59:27.244+00:00|1168231417553|11693
2012-12-19T19:59:46.417+00:00|1168231455956|2779
2012-12-19T19:59:46.417+00:00|1168231455956|5116
2012-12-19T19:59:46.417+00:00|1168231455956|6944
2012-12-19T19:59:46.417+00:00|1168231455956|9271
2012-12-19T19:59:46.417+00:00|1168231455956|14518
2012-12-19T20:01:01.954+00:00|1168231480715|3089
2012-12-19T20:01:01.954+00:00|1168231480715|3103
2012-12-19T20:01:01.954+00:00|1168231480715|6965
2012-12-19T20:06:07.991+00:00|1168231370792|2780
2012-12-19T20:06:07.991+00:00|1168231370792|2795
2012-12-19T20:07:37.429+00:00|1168231417606|1404
2012-12-19T20:07:37.429+00:00|1168231417606|1678
2012-12-19T20:07:37.429+00:00|1168231417606|2028
2012-12-19T20:07:37.429+00:00|1168231417606|9076
2012-12-19T20:07:37.429+00:00|1168231417606|9241
2012-12-19T20:07:37.429+00:00|1168231417606|11261
2012-12-19T20:07:42.392+00:00|1168231311598|12560
2012-12-19T20:11:41.361+00:00|1168231186082|7033
2012-12-19T20:11:41.361+00:00|1168231186082|7464
2012-12-19T20:11:57.830+00:00|1168231485849|2848
2012-12-19T20:11:57.830+00:00|1168231485849|2927
2012-12-19T20:15:57.610+00:00|1168231258542|1203
2012-12-19T20:15:57.610+00:00|1168231258542|5115
2012-12-19T20:15:57.610+00:00|1168231258542|11843
2012-12-19T20:23:31.124+00:00|1168231418147|567
2012-12-19T20:23:31.124+00:00|1168231418147|1154
2012-12-19T20:23:31.124+00:00|1168231418147|2036
2012-12-19T20:23:31.124+00:00|1168231418147|5762
2012-12-19T20:23:31.124+00:00|1168231418147|9141
2012-12-19T20:23:48.670+00:00|1168231174131|2057
2012-12-19T20:23:48.670+00:00|1168231174131|5183
2012-12-19T20:25:12.459+00:00|1168231311781|286
2012-12-19T20:25:12.459+00:00|1168231311781|2900
2012-12-19T20:25:12.459+00:00|1168231311781|2917
2012-12-19T20:25:12.459+00:00|1168231311781|6942
2012-12-19T20:25:12.459+00:00|1168231311781|7032
2012-12-19T20:25:12.459+00:00|1168231311781|7482
2012-12-19T20:25:12.459+00:00|1168231311781|7757
2012-12-19T20:25:12.459+00:00|1168231311781|8641
2012-12-19T20:25:12.459+00:00|1168231311781|11281
2012-12-19T20:29:13.178+00:00|1168231357378|1612
2012-12-19T20:29:13.178+00:00|1168231357378|3003
2012-12-19T20:35:17.173+00:00|1168231257824|449
2012-12-19T20:36:51.628+00:00|1168231122067|9127
2012-12-19T20:40:30.421+00:00|1168231189560|6440
2012-12-19T20:40:30.421+00:00|1168231189560|9742
2012-12-19T20:40:41.347+00:00|1168231418161|1154
2012-12-19T20:40:41.347+00:00|1168231418161|2095
2012-12-19T20:40:41.347+00:00|1168231418161|5762
2012-12-19T20:40:41.347+00:00|1168231418161|9061
2012-12-19T20:40:41.347+00:00|1168231418161|15440
2012-12-19T20:42:17.393+00:00|1168231318944|1748
2012-12-19T20:42:17.393+00:00|1168231318944|3063
2012-12-19T20:42:17.393+00:00|1168231318944|3078
2012-12-19T20:42:17.393+00:00|1168231318944|5115
2012-12-19T20:42:17.393+00:00|1168231318944|6426
2012-12-19T20:42:17.393+00:00|1168231318944|9130
2012-12-19T20:42:17.393+00:00|1168231318944|10218
2012-12-19T20:42:47.379+00:00|1168231357381|2968
2012-12-19T20:42:47.379+00:00|1168231357381|3003
2012-12-19T20:51:25.508+00:00|1168231263430|2048
2012-12-19T20:53:54.251+00:00|1168231108251|416
2012-12-19T20:53:54.251+00:00|1168231108251|2116
2012-12-19T20:53:54.251+00:00|1168231108251|2992
2012-12-19T20:53:54.251+00:00|1168231108251|3056
2012-12-19T20:53:54.251+00:00|1168231108251|7435
2012-12-19T20:53:54.251+00:00|1168231108251|9190
2012-12-19T20:54:41.927+00:00|1168231163573|6409
2012-12-19T20:54:41.927+00:00|1168231163573|12881
2012-12-19T20:57:12.934+00:00|1168231392659|598
2012-12-19T20:57:12.934+00:00|1168231392659|1404
2012-12-19T20:57:12.934+00:00|1168231392659|2074
2012-12-19T20:57:12.934+00:00|1168231392659|2991
2012-12-19T20:57:12.934+00:00|1168231392659|4849
2012-12-19T20:57:12.934+00:00|1168231392659|5191
2012-12-19T20:57:12.934+00:00|1168231392659|5193
2012-12-19T20:57:12.934+00:00|1168231392659|5762
2012-12-19T20:57:12.934+00:00|1168231392659|7248
2012-12-19T20:57:12.934+00:00|1168231392659|9138
2012-12-19T20:57:12.934+00:00|1168231392659|9300
2012-12-19T20:57:53.623+00:00|1168231248557|1202
2012-12-19T20:57:53.623+00:00|1168231248557|7519
2012-12-19T20:57:53.623+00:00|1168231248557|8920
2012-12-19T20:58:29.650+00:00|1168231173301|2074
2012-12-19T21:02:52.770+00:00|1168231438126|5152
2012-12-19T21:02:52.770+00:00|1168231438126|11537
2012-12-19T21:05:13.639+00:00|1168231438132|5152
2012-12-19T21:05:13.639+00:00|1168231438132|11537
2012-12-19T21:05:13.639+00:00|1168231438132|12396
2012-12-19T21:06:49.360+00:00|1168231418148|780
2012-12-19T21:06:49.360+00:00|1168231418148|1154
2012-12-19T21:06:49.360+00:00|1168231418148|2937
2012-12-19T21:06:49.360+00:00|1168231418148|2970
2012-12-19T21:06:49.360+00:00|1168231418148|9141
2012-12-19T21:10:05.851+00:00|1168231504983|14419
2012-12-19T21:10:16.426+00:00|1168231132484|569
2012-12-19T21:10:16.426+00:00|1168231132484|1667
2012-12-19T21:12:28.952+00:00|1168231373200|291
2012-12-19T21:12:28.952+00:00|1168231373200|1176
2012-12-19T21:12:28.952+00:00|1168231373200|2013
2012-12-19T21:12:28.952+00:00|1168231373200|2087
2012-12-19T21:12:28.952+00:00|1168231373200|2921
2012-12-19T21:12:28.952+00:00|1168231373200|6388
2012-12-19T21:12:28.952+00:00|1168231373200|6993
2012-12-19T21:12:28.952+00:00|1168231373200|7596
2012-12-19T21:12:28.952+00:00|1168231373200|9284
2012-12-19T21:13:18.708+00:00|1168231341200|1154
2012-12-19T21:13:18.708+00:00|1168231341200|1547
2012-12-19T21:13:18.708+00:00|1168231341200|2014
2012-12-19T21:13:18.708+00:00|1168231341200|4901
2012-12-19T21:13:18.708+00:00|1168231341200|7166
2012-12-19T21:13:18.708+00:00|1168231341200|7569
2012-12-19T21:13:18.708+00:00|1168231341200|9133
2012-12-19T21:13:18.860+00:00|1168231315687|289
2012-12-19T21:13:18.860+00:00|1168231315687|3017
2012-12-19T21:13:18.860+00:00|1168231315687|5118
2012-12-19T21:13:18.860+00:00|1168231315687|6416
2012-12-19T21:13:18.860+00:00|1168231315687|11895
2012-12-19T21:16:24.262+00:00|1168231311522|11656
2012-12-19T21:25:45.822+00:00|1168231237282|1339
2012-12-19T21:25:45.822+00:00|1168231237282|2814
2012-12-19T21:25:45.822+00:00|1168231237282|2836
2012-12-19T21:25:45.822+00:00|1168231237282|3050
2012-12-19T21:25:45.822+00:00|1168231237282|7575
2012-12-19T21:25:45.822+00:00|1168231237282|9182
2012-12-19T21:26:57.468+00:00|1168231149444|561
2012-12-19T21:26:57.468+00:00|1168231149444|4849
2012-12-19T21:26:57.468+00:00|1168231149444|10471
2012-12-19T21:26:57.468+00:00|1168231149444|11988
2012-12-19T21:27:53.933+00:00|1168231468641|6
2012-12-19T21:27:53.933+00:00|1168231468641|2903
2012-12-19T21:27:53.933+00:00|1168231468641|5822
2012-12-19T21:27:53.933+00:00|1168231468641|10331
2012-12-19T21:32:30.753+00:00|1168231347594|5567
2012-12-19T21:35:43.258+00:00|1168231163648|2807
2012-12-19T21:35:43.258+00:00|1168231163648|3060
2012-12-19T21:35:43.258+00:00|1168231163648|4845
2012-12-19T21:35:43.258+00:00|1168231163648|5898
2012-12-19T21:35:43.258+00:00|1168231163648|6524
2012-12-19T21:35:43.258+00:00|1168231163648|6934
2012-12-19T21:35:43.258+00:00|1168231163648|8099
2012-12-19T21:35:43.258+00:00|1168231163648|10296
2012-12-19T21:35:43.258+00:00|1168231163648|10622
2012-12-19T21:35:43.258+00:00|1168231163648|11581
2012-12-19T21:35:43.258+00:00|1168231163648|11606
2012-12-19T21:38:42.754+00:00|1168231297537|7007
2012-12-19T21:40:34.255+00:00|1168231189084|1154
2012-12-19T21:40:34.255+00:00|1168231189084|9048
2012-12-19T21:41:58.420+00:00|1168231258543|5115
2012-12-19T21:41:58.420+00:00|1168231258543|7547
2012-12-19T21:41:58.420+00:00|1168231258543|11769
2012-12-19T21:44:27.195+00:00|1168231417608|58
2012-12-19T21:44:27.195+00:00|1168231417608|1404
2012-12-19T21:44:27.195+00:00|1168231417608|2063
2012-12-19T21:44:27.195+00:00|1168231417608|9076
2012-12-19T21:44:27.195+00:00|1168231417608|9334
2012-12-19T21:49:34.557+00:00|1168231474771|1675
2012-12-19T21:49:34.557+00:00|1168231474771|1860
2012-12-19T21:49:34.557+00:00|1168231474771|2052
2012-12-19T21:49:34.557+00:00|1168231474771|2777
2012-12-19T21:49:34.557+00:00|1168231474771|9323
2012-12-19T21:50:09.594+00:00|1168231398553|1860
2012-12-19T21:50:09.594+00:00|1168231398553|2893
2012-12-19T21:50:09.594+00:00|1168231398553|4938
2012-12-19T21:50:09.594+00:00|1168231398553|7522
2012-12-19T21:50:09.594+00:00|1168231398553|10234
2012-12-19T21:50:09.594+00:00|1168231398553|11572
2012-12-19T21:50:09.594+00:00|1168231398553|13706
2012-12-19T21:51:01.958+00:00|1168231234362|1403
2012-12-19T21:51:01.958+00:00|1168231234362|2841
2012-12-19T21:51:01.958+00:00|1168231234362|5100
2012-12-19T21:51:01.958+00:00|1168231234362|6385
2012-12-19T21:51:01.958+00:00|1168231234362|12926
2012-12-19T21:55:52.251+00:00|1168231132489|11634
2012-12-19T21:57:51.338+00:00|1168231298793|147
2012-12-19T21:57:51.338+00:00|1168231298793|9037
2012-12-19T22:01:37.608+00:00|1168231417399|6
2012-12-19T22:01:37.608+00:00|1168231417399|1192
2012-12-19T22:01:37.608+00:00|1168231417399|5060
2012-12-19T22:01:37.608+00:00|1168231417399|9298
2012-12-19T22:01:37.608+00:00|1168231417399|12126
2012-12-19T22:04:31.643+00:00|1168231173300|1952
2012-12-19T22:04:31.643+00:00|1168231173300|1953
2012-12-19T22:05:34.325+00:00|1168231357387|9116
2012-12-19T22:09:15.890+00:00|1168231241926|1192
2012-12-19T22:09:15.890+00:00|1168231241926|5822
2012-12-19T22:09:15.890+00:00|1168231241926|11625
2012-12-19T22:12:32.228+00:00|1168231242437|2796
2012-12-19T22:12:32.228+00:00|1168231242437|8781
2012-12-19T22:12:32.228+00:00|1168231242437|9276
2012-12-19T22:12:32.228+00:00|1168231242437|9287
2012-12-19T22:12:32.228+00:00|1168231242437|14242
2012-12-19T22:14:02.070+00:00|1168231242439|2036
2012-12-19T22:14:02.070+00:00|1168231242439|5616
2012-12-19T22:14:02.070+00:00|1168231242439|10449
2012-12-19T22:14:02.070+00:00|1168231242439|14242
2012-12-19T22:14:59.550+00:00|1168231179689|1153
2012-12-19T22:14:59.550+00:00|1168231179689|5064
2012-12-19T22:14:59.550+00:00|1168231179689|9177
2012-12-19T22:15:11.903+00:00|1168231168795|5074
2012-12-19T22:15:11.903+00:00|1168231168795|7324
2012-12-19T22:15:11.903+00:00|1168231168795|9147
2012-12-19T22:15:11.903+00:00|1168231168795|13593
2012-12-19T22:17:45.953+00:00|1168231290325|7594
2012-12-19T22:17:45.953+00:00|1168231290325|11379
2012-12-19T22:20:39.547+00:00|1168231392663|3042
2012-12-19T22:20:39.547+00:00|1168231392663|4849
2012-12-19T22:20:39.547+00:00|1168231392663|5191
2012-12-19T22:20:39.547+00:00|1168231392663|5193
2012-12-19T22:20:39.547+00:00|1168231392663|5762
2012-12-19T22:20:39.547+00:00|1168231392663|6389
2012-12-19T22:20:39.547+00:00|1168231392663|7248
2012-12-19T22:20:39.547+00:00|1168231392663|9191
2012-12-19T22:20:39.547+00:00|1168231392663|9300
2012-12-19T22:20:39.547+00:00|1168231392663|11470
2012-12-19T22:20:39.547+00:00|1168231392663|12059
2012-12-19T22:20:39.547+00:00|1168231392663|14224
2012-12-19T22:23:21.626+00:00|1168231496287|60
2012-12-19T22:23:21.626+00:00|1168231496287|573
2012-12-19T22:23:21.626+00:00|1168231496287|5091
2012-12-19T22:24:45.873+00:00|1168231299182|2934
2012-12-19T22:24:45.873+00:00|1168231299182|9160
2012-12-19T22:28:01.760+00:00|1168231383448|2117
2012-12-19T22:28:01.760+00:00|1168231383448|8311
2012-12-19T22:29:03.644+00:00|1168231263727|790
2012-12-19T22:29:03.644+00:00|1168231263727|2812
2012-12-19T22:36:06.665+00:00|1168231263732|790
2012-12-19T22:36:06.665+00:00|1168231263732|3045
2012-12-19T22:41:28.442+00:00|1168231415395|2918
2012-12-19T22:41:28.442+00:00|1168231415395|2922
2012-12-19T22:41:28.442+00:00|1168231415395|10214
2012-12-19T22:46:53.101+00:00|1168231496298|573
2012-12-19T22:46:53.101+00:00|1168231496298|5091
2012-12-19T22:46:53.101+00:00|1168231496298|6469
2012-12-19T22:46:53.101+00:00|1168231496298|7575
2012-12-19T22:50:36.274+00:00|1168231236415|2035
2012-12-19T22:50:36.274+00:00|1168231236415|11236
2012-12-19T22:52:41.527+00:00|1168231281843|283
2012-12-19T22:52:41.527+00:00|1168231281843|12439
2012-12-19T22:52:44.860+00:00|1168231126445|5113
2012-12-19T22:52:44.860+00:00|1168231126445|8703
2012-12-19T22:52:45.185+00:00|1168231291161|5058
2012-12-19T22:55:58.098+00:00|1168231295004|12155
2012-12-19T23:02:24.555+00:00|1168231479142|417
2012-12-19T23:02:24.555+00:00|1168231479142|2787
2012-12-19T23:02:24.555+00:00|1168231479142|12049
2012-12-19T23:03:48.715+00:00|1168231327609|11707
2012-12-19T23:05:35.533+00:00|1168231128314|805
2012-12-19T23:05:35.533+00:00|1168231128314|13862
2012-12-19T23:06:23.602+00:00|1168231323196|1206
2012-12-19T23:06:23.602+00:00|1168231323196|9232
2012-12-19T23:06:36.455+00:00|1168231291174|6
2012-12-19T23:07:51.929+00:00|1168231479225|470
2012-12-19T23:07:51.929+00:00|1168231479225|788
2012-12-19T23:07:51.929+00:00|1168231479225|2051
2012-12-19T23:07:51.929+00:00|1168231479225|3056
2012-12-19T23:07:51.929+00:00|1168231479225|4844
2012-12-19T23:08:56.263+00:00|1168231108199|778
2012-12-19T23:08:56.263+00:00|1168231108199|6435
2012-12-19T23:08:56.263+00:00|1168231108199|9088
2012-12-19T23:08:56.263+00:00|1168231108199|11397
2012-12-19T23:13:39.538+00:00|1168231178359|2041
2012-12-19T23:13:39.538+00:00|1168231178359|2085
2012-12-19T23:14:43.389+00:00|1168231459496|132
2012-12-19T23:14:43.389+00:00|1168231459496|2812
2012-12-19T23:14:43.389+00:00|1168231459496|2867
2012-12-19T23:14:59.006+00:00|1168231189954|15028
2012-12-19T23:15:12.162+00:00|1168231291167|9205
2012-12-19T23:17:04.295+00:00|1168231504935|3010
2012-12-19T23:17:04.295+00:00|1168231504935|5710
2012-12-19T23:17:04.295+00:00|1168231504935|8239
2012-12-19T23:20:47.595+00:00|1168231304970|1
2012-12-19T23:20:47.595+00:00|1168231304970|2808
2012-12-19T23:20:47.595+00:00|1168231304970|7358
2012-12-19T23:20:47.595+00:00|1168231304970|12006
2012-12-19T23:22:59.425+00:00|1168231474005|778
2012-12-19T23:22:59.425+00:00|1168231474005|782
2012-12-19T23:30:57.158+00:00|1168231179978|7277
2012-12-19T23:30:57.158+00:00|1168231179978|9177
2012-12-19T23:31:43.472+00:00|1168231342758|270
2012-12-19T23:31:43.472+00:00|1168231342758|590
2012-12-19T23:35:43.938+00:00|1168231327611|2000
2012-12-19T23:35:43.938+00:00|1168231327611|11707
2012-12-19T23:38:15.615+00:00|1168231241976|6
2012-12-19T23:38:15.615+00:00|1168231241976|470
2012-12-19T23:38:15.615+00:00|1168231241976|12943
2012-12-19T23:38:25.319+00:00|1168231417556|1548
2012-12-19T23:38:25.319+00:00|1168231417556|1758
2012-12-19T23:38:25.319+00:00|1168231417556|2040
2012-12-19T23:38:25.319+00:00|1168231417556|6823
2012-12-19T23:38:25.319+00:00|1168231417556|8928
2012-12-19T23:38:25.319+00:00|1168231417556|10936
2012-12-19T23:38:25.319+00:00|1168231417556|10948
2012-12-19T23:38:25.319+00:00|1168231417556|11693
2012-12-19T23:38:25.319+00:00|1168231417556|11922
2012-12-19T23:38:25.319+00:00|1168231417556|14158
2012-12-19T23:41:33.013+00:00|1168231176792|284
2012-12-19T23:41:33.013+00:00|1168231176792|14756
2012-12-19T23:43:37.131+00:00|1168231119305|570
2012-12-19T23:43:37.131+00:00|1168231119305|2943
2012-12-19T23:43:37.131+00:00|1168231119305|12168
2012-12-19T23:49:44.475+00:00|1168231414937|458
2012-12-19T23:49:44.475+00:00|1168231414937|6749
2012-12-19T23:49:44.475+00:00|1168231414937|7470
2012-12-19T23:49:44.475+00:00|1168231414937|7636
2012-12-19T23:49:45.709+00:00|1168231434471|3053
2012-12-19T23:49:45.709+00:00|1168231434471|3075
2012-12-19T23:49:45.709+00:00|1168231434471|3097
2012-12-19T23:49:45.709+00:00|1168231434471|5229
2012-12-19T23:49:45.709+00:00|1168231434471|7063
2012-12-19T23:51:07.160+00:00|1168231213165|279
2012-12-19T23:51:07.160+00:00|1168231213165|5133
2012-12-19T23:51:07.160+00:00|1168231213165|6882
2012-12-19T23:54:04.150+00:00|1168231296108|11377
2012-12-19T23:54:04.150+00:00|1168231296108|11641
2012-12-19T23:56:53.281+00:00|1168231213181|1154
2012-12-19T23:56:53.281+00:00|1168231213181|5133
2012-12-19T23:56:53.281+00:00|1168231213181|6397
2012-12-19T23:56:53.281+00:00|1168231213181|6882
2012-12-19T23:57:29.766+00:00|1168231241863|572
2012-12-19T23:57:29.766+00:00|1168231241863|7509
2012-12-19T23:57:37.681+00:00|1168231212815|5340
2012-12-19T23:57:37.681+00:00|1168231212815|5699
2012-12-19T23:57:37.681+00:00|1168231212815|10272
2012-12-19T23:57:37.681+00:00|1168231212815|14480
